지점,지점명,일시,평균기온(°C),일강수량(mm),평균 풍속(m/s),평균 상대습도(%),일 최심적설(cm)
108,서울,2021-01-01,-4.2,,2,64,
108,서울,2021-01-02,-5,,2.6,38.5,
108,서울,2021-01-03,-5.6,,2,45,
108,서울,2021-01-04,-3.5,0,1.7,51.4,0
108,서울,2021-01-05,-5.5,0,2.9,52.8,0
108,서울,2021-01-06,-7.4,2.3,2.4,54.6,3.8
108,서울,2021-01-07,-14.5,,4.1,49.9,3.3
108,서울,2021-01-08,-14.9,,3.3,44,1.1
108,서울,2021-01-09,-12.2,,2.6,46.3,1
108,서울,2021-01-10,-7.7,,1.3,54.4,.7
108,서울,2021-01-11,-6.7,,1.9,62.1,.4
108,서울,2021-01-12,-3.9,2.6,1.8,79.5,5.1
108,서울,2021-01-13,2,0,2.4,80.3,5
108,서울,2021-01-14,1.7,,2.3,46.5,
108,서울,2021-01-15,4.5,.2,3,67.4,
108,서울,2021-01-16,-4.9,,3.3,59.3,
108,서울,2021-01-17,-5.5,0,2.3,58.5,.1
108,서울,2021-01-18,-3.8,.3,3.2,64.3,1
108,서울,2021-01-19,-6.3,,1.8,37.9,
108,서울,2021-01-20,-.1,,2.2,37.8,
108,서울,2021-01-21,4.5,9.2,2.3,64.4,
108,서울,2021-01-22,5.5,.1,1.7,92.9,
108,서울,2021-01-23,7.6,,4.2,66,
108,서울,2021-01-24,7.3,,2.1,63.9,
108,서울,2021-01-25,7.9,,1.9,62,
108,서울,2021-01-26,5.3,1.7,1.9,80.4,
108,서울,2021-01-27,1.7,,2.2,47.6,
108,서울,2021-01-28,-2.6,2,4,52.3,3.6
108,서울,2021-01-29,-8.8,,3.5,40,.7
108,서울,2021-01-30,-1.6,.5,2.5,60,.8
108,서울,2021-01-31,3.2,,2,57,
108,서울,2021-02-01,5,.7,2.7,74.5,
108,서울,2021-02-02,-5.6,0,3.9,44.1,
108,서울,2021-02-03,-3.2,3.4,2.2,64.6,4.2
108,서울,2021-02-04,-3.6,.1,2.5,50.1,4.3
108,서울,2021-02-05,1.4,,2.4,71.8,1.4
108,서울,2021-02-06,6.8,,2.2,80.4,
108,서울,2021-02-07,3.6,,2.9,67,
108,서울,2021-02-08,-3.1,,3.4,43.6,
108,서울,2021-02-09,-.9,,2,51.9,
108,서울,2021-02-10,3.4,,2.1,75.1,
108,서울,2021-02-11,5.5,,1.3,71.5,
108,서울,2021-02-12,6.5,,1.7,60.6,
108,서울,2021-02-13,7.6,,1.5,50.6,
108,서울,2021-02-14,9.5,0,1.7,47.6,
108,서울,2021-02-15,1.2,1.4,4,65.1,
108,서울,2021-02-16,-5.1,1.5,3.2,57.9,1.1
108,서울,2021-02-17,-8.3,0,5,44.1,.9
108,서울,2021-02-18,-5.8,,3.1,44.9,.2
108,서울,2021-02-19,1.6,,2.9,66.9,
108,서울,2021-02-20,8.8,,2.1,60.4,
108,서울,2021-02-21,10.8,,2.8,66.6,
108,서울,2021-02-22,7.8,,2.9,58.3,
108,서울,2021-02-23,0,,2.9,34,
108,서울,2021-02-24,2.9,,1.8,33,
108,서울,2021-02-25,4.2,,1.4,35.1,
108,서울,2021-02-26,8.2,,2.3,35,
108,서울,2021-02-27,9.5,,3.4,48.6,
108,서울,2021-02-28,7.8,,2.1,49,
108,서울,2021-03-01,4.7,67.5,3.5,91,2.3
108,서울,2021-03-02,2.3,.1,1.9,75.9,2.3
108,서울,2021-03-03,4.4,,1.8,64.4,
108,서울,2021-03-04,7.2,,1.9,62.4,
108,서울,2021-03-05,9,,2.1,70.3,
108,서울,2021-03-06,6.6,,3.3,69.5,
108,서울,2021-03-07,6.2,,2.8,62.9,
108,서울,2021-03-08,7,,1.8,60.3,
108,서울,2021-03-09,6.6,,2.2,58.5,
108,서울,2021-03-10,8.8,,1.8,61.8,
108,서울,2021-03-11,10.2,,1.8,50.8,
108,서울,2021-03-12,10.5,0,2.2,57,
108,서울,2021-03-13,9.2,,2.2,62.8,
108,서울,2021-03-14,9.1,,2.2,71.4,
108,서울,2021-03-15,10.6,1.7,2.4,68.8,
108,서울,2021-03-16,8.4,1.3,3.2,52.5,
108,서울,2021-03-17,8.8,,1.8,44.9,
108,서울,2021-03-18,11.7,,1.8,50.1,
108,서울,2021-03-19,15.3,,2.2,47.9,
108,서울,2021-03-20,9.9,5.1,2.2,74.6,
108,서울,2021-03-21,5.8,.3,4,65.9,
108,서울,2021-03-22,6.2,,3.2,55.3,
108,서울,2021-03-23,9.1,,2.5,63.5,
108,서울,2021-03-24,10.8,,2.4,61.5,
108,서울,2021-03-25,11.9,,2.2,68.5,
108,서울,2021-03-26,12.6,,1.4,58.4,
108,서울,2021-03-27,12.1,25.5,2.5,70.9,
108,서울,2021-03-28,9,9.2,3.3,95.8,
108,서울,2021-03-29,10.2,.2,3.3,62.3,
108,서울,2021-03-30,10.8,,2.2,47.3,
108,서울,2021-03-31,14.5,,1.8,41,
108,서울,2021-04-01,17.7,,3.5,33,
108,서울,2021-04-02,17.8,0,3.2,35.6,
108,서울,2021-04-03,14.9,56.2,3.1,80.8,
108,서울,2021-04-04,11.9,.6,3.2,65.8,
108,서울,2021-04-05,11.9,,2.4,47.9,
108,서울,2021-04-06,13.9,,2.5,50.9,
108,서울,2021-04-07,14.1,,2.5,47.5,
108,서울,2021-04-08,13,,2.7,34,
108,서울,2021-04-09,13.6,,2.7,39.3,
108,서울,2021-04-10,12.6,,2.6,50,
108,서울,2021-04-11,15,,1.7,45.4,
108,서울,2021-04-12,13.8,22,2.4,70.4,
108,서울,2021-04-13,10.4,8,3.7,74,
108,서울,2021-04-14,8.4,,2.9,58.5,
108,서울,2021-04-15,11.6,,2.1,62.3,
108,서울,2021-04-16,11.3,.7,2.6,60,
108,서울,2021-04-17,9.6,0,2.6,56.6,
108,서울,2021-04-18,9.9,,3.2,64.3,
108,서울,2021-04-19,12.2,,2.4,65.3,
108,서울,2021-04-20,14.8,,1.9,55.1,
108,서울,2021-04-21,19.1,,1.8,43.1,
108,서울,2021-04-22,20.9,,2.5,37.9,
108,서울,2021-04-23,19,0,3.2,41.4,
108,서울,2021-04-24,18.3,0,2.7,43,
108,서울,2021-04-25,18.2,,2.7,50,
108,서울,2021-04-26,16.2,,2.6,51.8,
108,서울,2021-04-27,15.4,1.7,2.3,62.4,
108,서울,2021-04-28,14.5,4.7,2.4,64.1,
108,서울,2021-04-29,14.6,3.9,2.3,54.1,
108,서울,2021-04-30,11.3,26.3,2.4,81.8,
108,서울,2021-05-01,10.2,8,2.7,80.8,
108,서울,2021-05-02,12.4,1.7,3.1,67.9,
108,서울,2021-05-03,14.1,,2.1,56.4,
108,서울,2021-05-04,13.8,19.6,2.1,82.6,
108,서울,2021-05-05,13.9,.1,3.5,64.4,
108,서울,2021-05-06,15.7,,2.4,46.4,
108,서울,2021-05-07,14.4,8.8,3.4,60.3,
108,서울,2021-05-08,14.3,,3.4,66.1,
108,서울,2021-05-09,15.7,,3.5,51.3,
108,서울,2021-05-10,13.2,0,1.8,67.9,
108,서울,2021-05-11,18.5,,2.7,48.9,
108,서울,2021-05-12,22,,2.2,39.5,
108,서울,2021-05-13,22.9,,1.9,54.4,
108,서울,2021-05-14,24.1,,1.7,60.3,
108,서울,2021-05-15,22.1,15,1.7,79.5,
108,서울,2021-05-16,18.4,66.9,2.5,97.6,
108,서울,2021-05-17,15.3,3.1,1.6,93,
108,서울,2021-05-18,17.9,,1.7,70.5,
108,서울,2021-05-19,19.9,,1.8,52.3,
108,서울,2021-05-20,18.7,.9,2.5,59.8,
108,서울,2021-05-21,16,6.9,1.7,86.5,
108,서울,2021-05-22,18.6,.2,2.5,69.3,
108,서울,2021-05-23,19.5,,1.7,64.4,
108,서울,2021-05-24,19.4,,2.7,61,
108,서울,2021-05-25,15.3,8.3,3.2,72.3,
108,서울,2021-05-26,18,0,2.9,58.5,
108,서울,2021-05-27,15.8,8.9,2.8,83,
108,서울,2021-05-28,15.3,12.3,2.6,86,
108,서울,2021-05-29,15.4,.3,2.2,79.8,
108,서울,2021-05-30,18.4,18.1,2.1,73,
108,서울,2021-05-31,19.9,4,1.8,78.9,
108,서울,2021-06-01,20.2,3.2,2.2,74.6,
108,서울,2021-06-02,23.2,,2.1,64.4,
108,서울,2021-06-03,19.1,18.1,1.8,80.8,
108,서울,2021-06-04,18.5,,2.9,69.4,
108,서울,2021-06-05,20.8,,3.3,68.1,
108,서울,2021-06-06,23,,2.2,69.6,
108,서울,2021-06-07,21.1,0,1.7,71.5,
108,서울,2021-06-08,23.6,.1,1.7,69.6,
108,서울,2021-06-09,25.8,,1.6,59.1,
108,서울,2021-06-10,24.9,6.1,2.2,68.5,
108,서울,2021-06-11,21.5,4.6,2.8,84.5,
108,서울,2021-06-12,24.2,,1.8,74.6,
108,서울,2021-06-13,24.8,,2,72.6,
108,서울,2021-06-14,24.8,,2.1,68.8,
108,서울,2021-06-15,22.5,1.9,2.3,79.1,
108,서울,2021-06-16,24.3,,3.6,59.9,
108,서울,2021-06-17,21.9,0,2.4,71.4,
108,서울,2021-06-18,20,6.3,2.5,92.1,
108,서울,2021-06-19,22.3,,1.8,74,
108,서울,2021-06-20,22.9,,2.8,73.3,
108,서울,2021-06-21,23.6,,2.2,67,
108,서울,2021-06-22,22.8,0,2.1,67.9,
108,서울,2021-06-23,22.4,7.5,2.4,70.5,
108,서울,2021-06-24,23,,1.9,71.1,
108,서울,2021-06-25,24.1,,2,69,
108,서울,2021-06-26,22.8,4.5,1.8,78.5,
108,서울,2021-06-27,24.5,38.2,2,72.1,
108,서울,2021-06-28,23.7,.1,1.9,76.4,
108,서울,2021-06-29,23.9,8,1.8,78.6,
108,서울,2021-06-30,24.3,6,1.3,77.9,
108,서울,2021-07-01,26.3,,1.8,70.9,
108,서울,2021-07-02,27.1,,2.3,64.1,
108,서울,2021-07-03,22.6,60,3.6,80,
108,서울,2021-07-04,21.4,21.4,2.3,96.8,
108,서울,2021-07-05,23.3,,1.4,80.3,
108,서울,2021-07-06,25.3,,1.6,73.4,
108,서울,2021-07-07,26.4,12.7,1.5,78.5,
108,서울,2021-07-08,26,2.9,2,81.6,
108,서울,2021-07-09,25.5,0,1.9,77.3,
108,서울,2021-07-10,25.9,.5,2.4,80.4,
108,서울,2021-07-11,25.7,.4,2.2,86.8,
108,서울,2021-07-12,28.1,,1.6,75.1,
108,서울,2021-07-13,28.8,,1.7,76.1,
108,서울,2021-07-14,29.7,,2.2,71.4,
108,서울,2021-07-15,29.1,0,2.1,71.1,
108,서울,2021-07-16,28.8,,2.2,68.4,
108,서울,2021-07-17,29.1,0,2.3,63.1,
108,서울,2021-07-18,29.6,,2.1,62.5,
108,서울,2021-07-19,26.4,67.4,1.9,80.1,
108,서울,2021-07-20,27.9,0,1.5,75.8,
108,서울,2021-07-21,30.5,,1.7,64,
108,서울,2021-07-22,31.2,,2,59.8,
108,서울,2021-07-23,31.2,,1.8,61.8,
108,서울,2021-07-24,31.7,,1.7,57.4,
108,서울,2021-07-25,31.5,,2,55.8,
108,서울,2021-07-26,31.2,,2.4,54.9,
108,서울,2021-07-27,31.1,,2.1,60.5,
108,서울,2021-07-28,30.4,0,1.9,67.4,
108,서울,2021-07-29,29.6,,2,69.9,
108,서울,2021-07-30,30.5,,2.1,63.1,
108,서울,2021-07-31,29.8,3,2.5,69.9,
108,서울,2021-08-01,27.1,21,1.3,81.8,
108,서울,2021-08-02,26.5,1.7,1.6,82.6,
108,서울,2021-08-03,28,0,1.8,76.9,
108,서울,2021-08-04,28.9,,2,70.6,
108,서울,2021-08-05,29.4,,2.1,68.1,
108,서울,2021-08-06,28.1,,2.1,68.4,
108,서울,2021-08-07,28,,2.1,65,
108,서울,2021-08-08,26.8,12.7,1.7,74.8,
108,서울,2021-08-09,28.3,,2.3,62.4,
108,서울,2021-08-10,27.7,,2.3,62.5,
108,서울,2021-08-11,27.4,0,2,70.3,
108,서울,2021-08-12,26.8,0,1.8,67.1,
108,서울,2021-08-13,26.6,,2,70.4,
108,서울,2021-08-14,26.1,,3,63.9,
108,서울,2021-08-15,26.9,,2.3,59.6,
108,서울,2021-08-16,27.3,0,2.3,61.1,
108,서울,2021-08-17,25.9,9.3,2.4,65,
108,서울,2021-08-18,24.3,5.6,2.8,69.6,
108,서울,2021-08-19,26,,2.6,57.1,
108,서울,2021-08-20,26.6,0,2.3,63.6,
108,서울,2021-08-21,23.8,62.8,2.7,88.1,
108,서울,2021-08-22,24.4,0,2.1,81.5,
108,서울,2021-08-23,22.4,7.4,2,89.3,
108,서울,2021-08-24,23.4,10.5,2.9,93.6,
108,서울,2021-08-25,25,.3,1.8,85.5,
108,서울,2021-08-26,25.5,.7,2.5,84.9,
108,서울,2021-08-27,22.4,.9,1.3,83.5,
108,서울,2021-08-28,23.6,,1.8,80.4,
108,서울,2021-08-29,23.7,.9,1.6,82.6,
108,서울,2021-08-30,24.2,0,1.4,77.5,
108,서울,2021-08-31,20.5,77.4,2.3,93.3,
108,서울,2021-09-01,21.4,.8,2.9,83.1,
108,서울,2021-09-02,23.5,,2.1,70.3,
108,서울,2021-09-03,24.3,,2.4,60.3,
108,서울,2021-09-04,23.2,,2.7,57,
108,서울,2021-09-05,23.1,,3.2,61.1,
108,서울,2021-09-06,22.3,12,3.2,70.1,
108,서울,2021-09-07,19.6,29.6,2.3,98.1,
108,서울,2021-09-08,22.2,1.6,1.7,81.3,
108,서울,2021-09-09,23.5,,1.5,76.5,
108,서울,2021-09-10,23.6,,1.9,76,
108,서울,2021-09-11,24,,1.7,73.1,
108,서울,2021-09-12,24.2,,1.8,64.6,
108,서울,2021-09-13,24.8,,2.4,67.1,
108,서울,2021-09-14,24.6,,2.6,63.3,
108,서울,2021-09-15,23.6,,3.6,57.5,
108,서울,2021-09-16,22.9,,2.6,61.1,
108,서울,2021-09-17,23.5,,3,61.4,
108,서울,2021-09-18,23.9,,1.6,65.1,
108,서울,2021-09-19,23.7,,1.9,62.9,
108,서울,2021-09-20,23.7,,2.7,63.6,
108,서울,2021-09-21,22,68.1,2.9,85.1,
108,서울,2021-09-22,20.2,4.5,2.7,79,
108,서울,2021-09-23,20.9,,2.4,67.3,
108,서울,2021-09-24,21.8,,2.2,67.5,
108,서울,2021-09-25,21.2,,2.3,72.6,
108,서울,2021-09-26,22.6,,2.3,63,
108,서울,2021-09-27,21.6,0,2.4,66,
108,서울,2021-09-28,21.5,1.3,2.2,75.1,
108,서울,2021-09-29,20.2,13.1,1.7,93.5,
108,서울,2021-09-30,20.3,,1.5,83.9,
108,서울,2021-10-01,21.1,13.3,2.4,75.8,
108,서울,2021-10-02,20.7,,1.6,77.1,
108,서울,2021-10-03,22.3,,1.9,69.5,
108,서울,2021-10-04,22.9,3.6,2.9,81,
108,서울,2021-10-05,23.6,0,3.3,82.4,
108,서울,2021-10-06,18.8,6.4,2.8,91.5,
108,서울,2021-10-07,19.4,4.6,1.9,85.5,
108,서울,2021-10-08,18.8,3.5,1.7,91.3,
108,서울,2021-10-09,20.9,.4,2.3,83.5,
108,서울,2021-10-10,19.9,14.2,2.2,89,
108,서울,2021-10-11,15.2,.3,2.2,78.6,
108,서울,2021-10-12,17.9,,3.3,67.1,
108,서울,2021-10-13,19.6,,2.4,66.6,
108,서울,2021-10-14,19.7,,2,73.6,
108,서울,2021-10-15,19,0,2.1,74.4,
108,서울,2021-10-16,10.7,0,3.4,47.5,
108,서울,2021-10-17,5.6,,2.9,37.4,
108,서울,2021-10-18,9.6,5.6,2,60.4,
108,서울,2021-10-19,10.9,4.4,2.4,72.8,
108,서울,2021-10-20,9.5,,1.7,64.9,
108,서울,2021-10-21,9.8,,1.7,64.1,
108,서울,2021-10-22,10.8,,1.8,58.4,
108,서울,2021-10-23,11.4,,1.6,57.3,
108,서울,2021-10-24,11.4,,1.7,63.1,
108,서울,2021-10-25,11.7,,1.9,64.5,
108,서울,2021-10-26,13,,1.7,74.5,
108,서울,2021-10-27,13.4,0,2.2,63.4,
108,서울,2021-10-28,12.7,,1.4,54.6,
108,서울,2021-10-29,14.6,,2,55.9,
108,서울,2021-10-30,13.8,,1.6,62.4,
108,서울,2021-10-31,14.1,.7,1.6,73.3,
108,서울,2021-11-01,12.9,,1.9,77.3,
108,서울,2021-11-02,11.5,,1.7,76.6,
108,서울,2021-11-03,12.1,,1.5,71.1,
108,서울,2021-11-04,12.1,0,1.3,80.4,
108,서울,2021-11-05,13,,1.5,68.5,
108,서울,2021-11-06,14.1,,1.6,61.1,
108,서울,2021-11-07,15.3,,2.1,57.5,
108,서울,2021-11-08,8.6,25.7,3.2,82.1,
108,서울,2021-11-09,4.9,2,2.4,80.3,
108,서울,2021-11-10,4.2,.3,2.5,73.4,
108,서울,2021-11-11,5.3,0,2.9,60.6,
108,서울,2021-11-12,4.5,,2.6,55.4,
108,서울,2021-11-13,7.3,,1.5,66.1,
108,서울,2021-11-14,11.3,,2.2,69.8,
108,서울,2021-11-15,10.1,,1.6,71.3,
108,서울,2021-11-16,8.5,,1.9,65.5,
108,서울,2021-11-17,7.5,,1.6,64.1,
108,서울,2021-11-18,11.9,0,2.4,70.8,
108,서울,2021-11-19,12.9,,1.9,84.8,
108,서울,2021-11-20,10.4,,1.6,77,
108,서울,2021-11-21,10.4,5.9,1.9,74.4,
108,서울,2021-11-22,2.7,1.3,4.1,61.8,
108,서울,2021-11-23,-.6,,3.2,60.9,
108,서울,2021-11-24,4.1,0,1.9,64.3,
108,서울,2021-11-25,5.7,,2.2,55,
108,서울,2021-11-26,2.9,0,2.2,57.5,
108,서울,2021-11-27,3.4,,1.6,53,
108,서울,2021-11-28,5.1,,1.5,52.4,
108,서울,2021-11-29,7.6,,1.6,62,
108,서울,2021-11-30,5.7,27.2,3.7,80.4,
108,서울,2021-12-01,-1.3,,4.2,51.8,
108,서울,2021-12-02,1.3,.1,2.1,68.9,
108,서울,2021-12-03,1.9,.4,2.9,53.3,
108,서울,2021-12-04,1.4,,2,48.5,
108,서울,2021-12-05,2.9,,1.4,50.4,
108,서울,2021-12-06,5.4,,1.6,61.4,
108,서울,2021-12-07,6.8,,1.2,68.3,
108,서울,2021-12-08,6.7,,1.5,70,
108,서울,2021-12-09,6.5,,2.2,70.3,
108,서울,2021-12-10,7,.7,2.1,81.5,
108,서울,2021-12-11,6,,1.4,83.6,
108,서울,2021-12-12,1.2,,3.2,61.8,
108,서울,2021-12-13,-2.2,,2.3,43.8,
108,서울,2021-12-14,3.7,1.2,2,64.9,
108,서울,2021-12-15,7.2,2.1,1.7,84.8,
108,서울,2021-12-16,6.4,0,1.8,71.6,
108,서울,2021-12-17,-5.6,,4.6,50.5,
108,서울,2021-12-18,-5.7,2.8,2,64.1,4.4
108,서울,2021-12-19,-.8,.2,2,63.8,4.6
108,서울,2021-12-20,5.2,0,2.1,77.9,1.8
108,서울,2021-12-21,5.2,,2,70.9,
108,서울,2021-12-22,2.2,,1.7,47.4,
108,서울,2021-12-23,2.7,,1.4,53.5,
108,서울,2021-12-24,-.3,.2,2.6,65.3,
108,서울,2021-12-25,-11.7,,3.9,42.4,
108,서울,2021-12-26,-12.1,,3.1,43.5,
108,서울,2021-12-27,-7.6,0,1.7,60.9,
108,서울,2021-12-28,-4.1,,2.2,73.8,
108,서울,2021-12-29,.4,.2,2.6,72.9,.3
108,서울,2021-12-30,-3.9,0,3.3,48.5,
108,서울,2021-12-31,-6.7,,3.5,35.9,
108,서울,2022-01-01,-4.3,,1.5,46.3,
108,서울,2022-01-02,-1.3,.3,2.3,57.9,.5
108,서울,2022-01-03,-1.9,0,1.8,58.3,
108,서울,2022-01-04,-2.5,0,2.4,51.8,
108,서울,2022-01-05,-2.8,,1.7,47.6,
108,서울,2022-01-06,-2.2,,2.3,47.1,
108,서울,2022-01-07,-1.6,,1.5,47.1,
108,서울,2022-01-08,.3,0,1.7,64.3,
108,서울,2022-01-09,1.3,,1.7,71.5,
108,서울,2022-01-10,.5,.9,2,68.3,.9
108,서울,2022-01-11,-7.4,.2,4,55.5,1
108,서울,2022-01-12,-7.7,,2.4,47.8,.2
108,서울,2022-01-13,-6.4,,3.3,45.8,
108,서울,2022-01-14,-4.8,,1.7,41.8,
108,서울,2022-01-15,-1,0,1.9,48.3,
108,서울,2022-01-16,-2,0,3.3,54.5,
108,서울,2022-01-17,-5.8,.5,2.2,59.9,.8
108,서울,2022-01-18,-5.6,,2.3,47.9,.5
108,서울,2022-01-19,-5.3,1.7,2.1,72.3,3.5
108,서울,2022-01-20,-5,,1.8,63.5,2.4
108,서울,2022-01-21,-2.7,,1.8,55.6,
108,서울,2022-01-22,.3,,1.7,52.4,
108,서울,2022-01-23,2,,1.7,52.4,
108,서울,2022-01-24,4.6,,3.5,56,
108,서울,2022-01-25,2.8,.7,2.3,80,
108,서울,2022-01-26,1.3,,2.2,62.8,
108,서울,2022-01-27,-1.1,,2.1,50,
108,서울,2022-01-28,-2.7,,2.8,51.6,
108,서울,2022-01-29,-3.6,,2.4,48.9,
108,서울,2022-01-30,-2.8,,2.2,45.4,
108,서울,2022-01-31,-.7,1.2,1.9,59,1.8
108,서울,2022-02-01,-1.3,1.7,2.6,76.6,5
108,서울,2022-02-02,-3.4,,2.4,60.5,.5
108,서울,2022-02-03,-3.4,,2.4,52.4,
108,서울,2022-02-04,-5.2,0,3.1,53.3,
108,서울,2022-02-05,-6.6,,3.1,48.8,
108,서울,2022-02-06,-3.9,,2.5,50.3,
108,서울,2022-02-07,-2.5,,1.8,51.3,
108,서울,2022-02-08,-.1,,1.9,53.8,
108,서울,2022-02-09,1,,1.8,52.3,
108,서울,2022-02-10,1.4,,2.3,57.8,
108,서울,2022-02-11,2.9,,1.8,61.1,
108,서울,2022-02-12,4.8,,1.7,50.4,
108,서울,2022-02-13,4.8,,1.8,44.9,
108,서울,2022-02-14,2.5,1.7,2.9,68.3,
108,서울,2022-02-15,-4.7,0,3.8,58,
108,서울,2022-02-16,-7.3,0,3.7,50.4,
108,서울,2022-02-17,-6.2,,2.5,41.6,
108,서울,2022-02-18,-1.2,,2,40.4,
108,서울,2022-02-19,-1.7,.1,2.9,52.9,.1
108,서울,2022-02-20,-4.8,,4.1,41.1,
108,서울,2022-02-21,-3,.1,2.9,56.3,
108,서울,2022-02-22,-4.5,,3.2,43.3,
108,서울,2022-02-23,-5.6,,2.6,38.5,
108,서울,2022-02-24,-2.4,,2.2,52.4,
108,서울,2022-02-25,3,,2.3,77.5,
108,서울,2022-02-26,5.4,1.1,3.9,78.4,
108,서울,2022-02-27,3.7,,2.8,56.6,
108,서울,2022-02-28,6.8,,1.5,62.3,
108,서울,2022-03-01,5.8,2.3,2.3,70.5,
108,서울,2022-03-02,3.5,,2.7,55.9,
108,서울,2022-03-03,5.8,,2.1,52.9,
108,서울,2022-03-04,6.9,,3.6,60.5,
108,서울,2022-03-05,2.3,,4.3,38.4,
108,서울,2022-03-06,1.4,,2.6,39.5,
108,서울,2022-03-07,2.8,,2,45.8,
108,서울,2022-03-08,6,,2,56.1,
108,서울,2022-03-09,7.1,,1.9,69.6,
108,서울,2022-03-10,9.3,,2.1,51.4,
108,서울,2022-03-11,11.2,,1.9,58.4,
108,서울,2022-03-12,12.8,2.6,2.7,72.1,
108,서울,2022-03-13,11.7,42.1,1.9,95.5,
108,서울,2022-03-14,8.2,8.7,3.2,90.3,
108,서울,2022-03-15,7.2,,2,72.6,
108,서울,2022-03-16,10.3,,2.1,62.6,
108,서울,2022-03-17,10.7,1.2,2.7,62,
108,서울,2022-03-18,7.5,0,4.4,60.8,
108,서울,2022-03-19,3.4,14.6,3,84.6,.7
108,서울,2022-03-20,5.4,0,2.6,66.1,
108,서울,2022-03-21,5,,2.4,49.5,
108,서울,2022-03-22,7.1,,2.2,48.9,
108,서울,2022-03-23,6.2,,2.3,56.8,
108,서울,2022-03-24,8.2,,1.8,70.6,
108,서울,2022-03-25,12,10.9,2.6,70,
108,서울,2022-03-26,11.8,19.8,2.9,80.9,
108,서울,2022-03-27,8.1,,3,49.1,
108,서울,2022-03-28,8.2,,2.1,35.6,
108,서울,2022-03-29,9.7,,2.1,52.9,
108,서울,2022-03-30,10.8,.4,1.8,76.5,
108,서울,2022-03-31,10.9,,2.5,63.5,
108,서울,2022-04-01,9.2,,2.6,50.5,
108,서울,2022-04-02,8.2,,2.3,55,
108,서울,2022-04-03,9.6,,2.1,55,
108,서울,2022-04-04,10.3,,2.3,50.3,
108,서울,2022-04-05,10.3,,2.4,41.1,
108,서울,2022-04-06,11.7,,2.5,52.3,
108,서울,2022-04-07,10.9,,3.3,43.5,
108,서울,2022-04-08,12.9,,2.1,49,
108,서울,2022-04-09,17.8,.5,3,43.8,
108,서울,2022-04-10,18.2,,2,46,
108,서울,2022-04-11,19.6,,2.4,60.4,
108,서울,2022-04-12,19.3,.5,2.8,77.9,
108,서울,2022-04-13,13.1,1.3,4.4,69.3,
108,서울,2022-04-14,13.2,,4,53.4,
108,서울,2022-04-15,13.3,,3,46.8,
108,서울,2022-04-16,13.2,,2.5,48.5,
108,서울,2022-04-17,14,,2.3,53.8,
108,서울,2022-04-18,15.2,,2.4,46.1,
108,서울,2022-04-19,15.2,,2.4,51.9,
108,서울,2022-04-20,15.7,,2.3,48.8,
108,서울,2022-04-21,16.3,,2.8,48.4,
108,서울,2022-04-22,15,,3.5,76.8,
108,서울,2022-04-23,17.7,,1.7,57.3,
108,서울,2022-04-24,18.5,.3,2.3,72.5,
108,서울,2022-04-25,20,1.3,1.4,80.5,
108,서울,2022-04-26,21.9,1,3.1,57.9,
108,서울,2022-04-27,17.7,,2.7,31.5,
108,서울,2022-04-28,18.2,0,2.6,44,
108,서울,2022-04-29,13.4,15.5,3.4,70.6,
108,서울,2022-04-30,13,,2.9,68,
108,서울,2022-05-01,13.4,,3.1,54.8,
108,서울,2022-05-02,14.2,,2.4,56.5,
108,서울,2022-05-03,14.8,,2.5,45.9,
108,서울,2022-05-04,17.8,,2.7,43.3,
108,서울,2022-05-05,18.9,,2.2,48.1,
108,서울,2022-05-06,19.6,,2.5,67.1,
108,서울,2022-05-07,18.4,.5,3,52.4,
108,서울,2022-05-08,15.3,2,2.8,51.8,
108,서울,2022-05-09,17.9,,2.2,56.4,
108,서울,2022-05-10,19.9,0,2.2,39,
108,서울,2022-05-11,19.7,0,2.4,50.4,
108,서울,2022-05-12,20.9,,1.9,51.5,
108,서울,2022-05-13,19.4,,2.2,45.8,
108,서울,2022-05-14,15.7,,3.3,45.5,
108,서울,2022-05-15,16.2,,3.2,39.8,
108,서울,2022-05-16,17.3,,2.8,56.3,
108,서울,2022-05-17,20,,2.4,60.1,
108,서울,2022-05-18,20,1.5,2.9,59.4,
108,서울,2022-05-19,19.9,,3,53.6,
108,서울,2022-05-20,20.6,,2.3,52.8,
108,서울,2022-05-21,20.1,,2.5,70.8,
108,서울,2022-05-22,20.3,,2.5,70.9,
108,서울,2022-05-23,23,,2.3,63.5,
108,서울,2022-05-24,22.9,,2.1,56.8,
108,서울,2022-05-25,21,3.5,2.6,66.6,
108,서울,2022-05-26,18.7,0,3.7,59.9,
108,서울,2022-05-27,20,0,3.3,62.5,
108,서울,2022-05-28,22.3,,2.8,54.1,
108,서울,2022-05-29,23.1,,2.3,66.4,
108,서울,2022-05-30,20.8,0,2.5,71,
108,서울,2022-05-31,20.7,,2.5,42.4,
108,서울,2022-06-01,22.1,,2.6,41.6,
108,서울,2022-06-02,21.5,,2.7,67.4,
108,서울,2022-06-03,24.5,,2,62.8,
108,서울,2022-06-04,25.6,,1.7,57,
108,서울,2022-06-05,22.7,0,2.3,59.8,
108,서울,2022-06-06,19.7,4.3,3.2,69,
108,서울,2022-06-07,20.6,0,2.7,54.5,
108,서울,2022-06-08,21.2,,2.3,61.6,
108,서울,2022-06-09,20.9,2.6,1.6,76.1,
108,서울,2022-06-10,20.9,1.2,1.9,75.8,
108,서울,2022-06-11,24.6,,2.2,59.6,
108,서울,2022-06-12,24.6,,2.5,58.9,
108,서울,2022-06-13,23.6,18,2.6,68.5,
108,서울,2022-06-14,21.5,0,4.2,56.4,
108,서울,2022-06-15,17.5,18.5,2.3,92.4,
108,서울,2022-06-16,20.3,.7,2.3,78.4,
108,서울,2022-06-17,22.5,,1.9,76.4,
108,서울,2022-06-18,23.3,0,1.7,79.6,
108,서울,2022-06-19,23.4,,1.4,81.6,
108,서울,2022-06-20,25.2,,1.3,76.6,
108,서울,2022-06-21,26.5,,2,72.6,
108,서울,2022-06-22,25.9,,2.1,71.1,
108,서울,2022-06-23,24.3,103,2.8,89.1,
108,서울,2022-06-24,22.6,19.1,3.5,90.9,
108,서울,2022-06-25,26,,2.8,80.4,
108,서울,2022-06-26,26.5,,2.6,82.1,
108,서울,2022-06-27,26.8,6.1,2.8,84.4,
108,서울,2022-06-28,26.9,6.3,5.8,81.9,
108,서울,2022-06-29,25.1,37.8,4.1,95.5,
108,서울,2022-06-30,22.3,176.2,2.3,99.3,
108,서울,2022-07-01,26.6,,2.1,83.3,
108,서울,2022-07-02,28.8,,1.7,72.8,
108,서울,2022-07-03,29.3,,1.7,68.6,
108,서울,2022-07-04,29.3,0,1.8,71.8,
108,서울,2022-07-05,29.2,0,1.7,73.8,
108,서울,2022-07-06,29.5,16.1,2.1,76,
108,서울,2022-07-07,28.2,0,2.8,82.3,
108,서울,2022-07-08,25.8,1.7,2.9,84.4,
108,서울,2022-07-09,26.9,.1,1.7,82.1,
108,서울,2022-07-10,29.2,0,1.7,68,
108,서울,2022-07-11,27,9,1.8,75,
108,서울,2022-07-12,26.8,,2.2,73.1,
108,서울,2022-07-13,25,114.5,1.8,93.9,
108,서울,2022-07-14,25.7,.9,2.3,84.6,
108,서울,2022-07-15,26,,2.3,76.5,
108,서울,2022-07-16,24.8,34,2,83.4,
108,서울,2022-07-17,25.5,0,1.8,78.9,
108,서울,2022-07-18,26.8,,2.2,76,
108,서울,2022-07-19,27.4,,2.3,74.1,
108,서울,2022-07-20,27.1,1.1,2.2,76.1,
108,서울,2022-07-21,23.2,10.4,2.9,87.6,
108,서울,2022-07-22,25.1,5.2,1.9,81.5,
108,서울,2022-07-23,24.8,9.9,2,83.6,
108,서울,2022-07-24,25,1.2,2.1,86.9,
108,서울,2022-07-25,27.5,,1.9,75,
108,서울,2022-07-26,28.9,,1.8,72.5,
108,서울,2022-07-27,29.3,,2,66.3,
108,서울,2022-07-28,29.7,,2.4,63.8,
108,서울,2022-07-29,30.7,,2.2,68.1,
108,서울,2022-07-30,30.9,1,2.6,68.4,
108,서울,2022-07-31,27.2,47.2,2.5,85.8,
108,서울,2022-08-01,28.6,30,2.4,82.4,
108,서울,2022-08-02,26.8,33.5,2.8,90,
108,서울,2022-08-03,27.1,51.1,2.8,90.1,
108,서울,2022-08-04,28.9,0,2.5,79.3,
108,서울,2022-08-05,29.4,0,2.6,76.6,
108,서울,2022-08-06,28.7,13.6,1.7,85.3,
108,서울,2022-08-07,28.9,.9,2.4,82.1,
108,서울,2022-08-08,26.8,129.6,3.3,91.6,
108,서울,2022-08-09,25.1,123.1,2.6,96,
108,서울,2022-08-10,24.7,7.6,1.6,85.3,
108,서울,2022-08-11,25,38.8,1.6,87.9,
108,서울,2022-08-12,27,,1.7,73.8,
108,서울,2022-08-13,25.8,4,1.3,82.8,
108,서울,2022-08-14,27.6,3,1.9,83,
108,서울,2022-08-15,28.1,.9,4.8,83,
108,서울,2022-08-16,26.7,0,2.6,75.4,
108,서울,2022-08-17,26,0,2,76.6,
108,서울,2022-08-18,25.6,,1.9,75.8,
108,서울,2022-08-19,26,66.1,2.3,86.1,
108,서울,2022-08-20,28.2,0,2.4,80,
108,서울,2022-08-21,28.1,,1.7,75.3,
108,서울,2022-08-22,26.8,3.2,2.3,75.6,
108,서울,2022-08-23,25.4,2.2,2,75,
108,서울,2022-08-24,24.8,,2.5,66.9,
108,서울,2022-08-25,22.2,1.6,1.8,78,
108,서울,2022-08-26,23.8,,2.4,75.3,
108,서울,2022-08-27,21.5,17.6,2.8,63.1,
108,서울,2022-08-28,22.6,,1.7,59.4,
108,서울,2022-08-29,21,2.2,2.3,74,
108,서울,2022-08-30,19.1,35.8,2.6,96.3,
108,서울,2022-08-31,21.7,0,1.8,83.3,
108,서울,2022-09-01,24,,1.7,70.8,
108,서울,2022-09-02,24.7,,3.1,61.8,
108,서울,2022-09-03,24.2,,3.4,63,
108,서울,2022-09-04,22.3,33.8,3.1,88.6,
108,서울,2022-09-05,19.2,120,3.2,95.9,
108,서울,2022-09-06,21,25.3,3.6,78,
108,서울,2022-09-07,22.8,,1.9,65.3,
108,서울,2022-09-08,23.2,,1.6,65.5,
108,서울,2022-09-09,24.3,,2,59.1,
108,서울,2022-09-10,23.6,,2.6,52.3,
108,서울,2022-09-11,23.3,.1,2.1,68.6,
108,서울,2022-09-12,23.8,,1.6,76.1,
108,서울,2022-09-13,24.3,0,2.5,73,
108,서울,2022-09-14,24.6,0,4.6,56.9,
108,서울,2022-09-15,25.2,.1,3.6,66.9,
108,서울,2022-09-16,25.7,14.6,2.9,78.6,
108,서울,2022-09-17,25.6,4.3,1.4,83.1,
108,서울,2022-09-18,27.1,,2,75.3,
108,서울,2022-09-19,24.6,,3.3,63.1,
108,서울,2022-09-20,19.9,,2.3,57,
108,서울,2022-09-21,19.4,,1.8,56.9,
108,서울,2022-09-22,19.8,,2,60.1,
108,서울,2022-09-23,17.5,3.3,3.1,68.9,
108,서울,2022-09-24,18.5,,1.8,64.6,
108,서울,2022-09-25,19.6,,1.6,63.3,
108,서울,2022-09-26,20,,1.7,58.5,
108,서울,2022-09-27,20.9,,1.6,59,
108,서울,2022-09-28,20.4,,1.8,71,
108,서울,2022-09-29,20.4,,1.4,73.5,
108,서울,2022-09-30,20.7,,1.6,68,
108,서울,2022-10-01,20.9,,1.6,63.3,
108,서울,2022-10-02,19.4,15.8,2.7,78.9,
108,서울,2022-10-03,21.4,76,2.7,98.5,
108,서울,2022-10-04,17.9,11.8,2.9,83.8,
108,서울,2022-10-05,16.6,.1,2.1,74.8,
108,서울,2022-10-06,15.8,0,2.1,76.6,
108,서울,2022-10-07,14.3,,2.5,69.5,
108,서울,2022-10-08,15.8,,2.5,64.6,
108,서울,2022-10-09,13.1,20.4,2.1,85.8,
108,서울,2022-10-10,9.9,0,3.8,72.9,
108,서울,2022-10-11,11.1,,2.2,69.1,
108,서울,2022-10-12,13.5,,1.8,68.1,
108,서울,2022-10-13,16.3,,1.5,69.6,
108,서울,2022-10-14,17.1,,1.6,73.4,
108,서울,2022-10-15,18.2,,1.4,68.5,
108,서울,2022-10-16,16.9,,1.7,73.9,
108,서울,2022-10-17,11.2,,3.4,50.3,
108,서울,2022-10-18,9.4,,2.3,52.1,
108,서울,2022-10-19,10.5,,1.8,57.8,
108,서울,2022-10-20,12.9,,1.8,64.4,
108,서울,2022-10-21,14,,1.7,68.8,
108,서울,2022-10-22,15.1,,1.9,76.3,
108,서울,2022-10-23,14,,2.7,65,
108,서울,2022-10-24,10.6,,2.8,52.6,
108,서울,2022-10-25,11.3,,2,56.5,
108,서울,2022-10-26,12.9,,1.9,58.3,
108,서울,2022-10-27,13.2,,1.7,71.8,
108,서울,2022-10-28,13.6,,1.7,70.1,
108,서울,2022-10-29,14.8,,1.8,65.9,
108,서울,2022-10-30,14.9,,1.9,64.5,
108,서울,2022-10-31,14.9,,2.1,69.8,
108,서울,2022-11-01,13.1,,1.8,73.5,
108,서울,2022-11-02,11.1,,1.7,57.1,
108,서울,2022-11-03,9.3,0,2,58.1,
108,서울,2022-11-04,4.9,,2.9,41.8,
108,서울,2022-11-05,6.5,,1.7,51.3,
108,서울,2022-11-06,9.6,,1.8,60.5,
108,서울,2022-11-07,11.4,0,1.7,64.5,
108,서울,2022-11-08,12.9,,1.5,68.3,
108,서울,2022-11-09,11.4,,1.5,76,
108,서울,2022-11-10,13.5,,1.3,74.5,
108,서울,2022-11-11,15.6,,1.8,62.5,
108,서울,2022-11-12,16.3,57.9,2.2,80,
108,서울,2022-11-13,10.3,,2.6,85.6,
108,서울,2022-11-14,9.7,,2.3,74.8,
108,서울,2022-11-15,8.1,1.6,2,77.4,
108,서울,2022-11-16,8.5,,1.7,71.3,
108,서울,2022-11-17,10.2,,1.6,64.6,
108,서울,2022-11-18,11,,1.6,69.6,
108,서울,2022-11-19,12.9,,2.3,55.8,
108,서울,2022-11-20,13.7,,1.7,58.3,
108,서울,2022-11-21,11.8,,1.6,70.5,
108,서울,2022-11-22,10.7,0,1.9,69.9,
108,서울,2022-11-23,10.8,0,2.1,56,
108,서울,2022-11-24,9.4,,1.5,65.6,
108,서울,2022-11-25,12.3,1.7,3,67.1,
108,서울,2022-11-26,6.7,,3,52.4,
108,서울,2022-11-27,5.4,,2.4,43.1,
108,서울,2022-11-28,12.3,19.5,2.7,65.5,
108,서울,2022-11-29,6.9,3.8,3.5,67,
108,서울,2022-11-30,-5.4,,3.9,49.1,
108,서울,2022-12-01,-5.4,,2.4,43.4,
108,서울,2022-12-02,-2.5,,1.7,42,
108,서울,2022-12-03,2.1,1.1,2.6,70.5,1
108,서울,2022-12-04,-3.5,,2.8,38.9,
108,서울,2022-12-05,-3.1,,2.4,41.9,
108,서울,2022-12-06,.9,.1,2.4,62.8,.3
108,서울,2022-12-07,4.9,.1,2.7,60.4,
108,서울,2022-12-08,3.7,,1.4,57.5,
108,서울,2022-12-09,4.5,0,2,60.8,
108,서울,2022-12-10,2.6,,1.3,46.5,
108,서울,2022-12-11,1.6,,1.8,52.5,
108,서울,2022-12-12,2,5.4,1.7,73.4,
108,서울,2022-12-13,0,.6,3.5,70.8,.8
108,서울,2022-12-14,-8.4,,3.2,50.1,.5
108,서울,2022-12-15,-4.5,2.4,2.5,79.1,4.5
108,서울,2022-12-16,-6.3,,2,56.9,4.1
108,서울,2022-12-17,-7,.2,2.7,52,1.9
108,서울,2022-12-18,-9.5,,2.6,47.1,1.5
108,서울,2022-12-19,-7,,1.7,55.6,1.4
108,서울,2022-12-20,-3.2,,2.2,55.8,1.1
108,서울,2022-12-21,-.1,3.6,2.7,82.4,3.5
108,서울,2022-12-22,-7.8,,4.4,60.5,1.9
108,서울,2022-12-23,-11.8,,4.3,60.5,1.8
108,서울,2022-12-24,-8.4,,1.8,54.9,1.7
108,서울,2022-12-25,-5.4,,1.7,66.5,1.6
108,서울,2022-12-26,-3.9,,1.4,68.4,1.2
108,서울,2022-12-27,-2.6,,1.8,69.8,.3
108,서울,2022-12-28,-3.3,.1,2.5,58.1,.4
108,서울,2022-12-29,-2.9,0,1.7,56.3,
108,서울,2022-12-30,-1.8,0,1.9,65.6,
108,서울,2022-12-31,-1.2,0,1.4,65.5,
108,서울,2023-01-01,-.2,,2.7,55,
108,서울,2023-01-02,-4.5,,2.5,46,
108,서울,2023-01-03,-5,,1.8,49,
108,서울,2023-01-04,-1.8,,1.9,51,
108,서울,2023-01-05,-1.6,,1.6,58.1,
108,서울,2023-01-06,.6,3.9,2.2,71.9,3.6
108,서울,2023-01-07,1.5,.1,2.2,80.9,3.6
108,서울,2023-01-08,1.3,,1.7,69.3,
108,서울,2023-01-09,3.1,,2.3,60.1,
108,서울,2023-01-10,1.6,,1.5,59.9,
108,서울,2023-01-11,2.6,,1.6,61.9,
108,서울,2023-01-12,5.9,0,2.2,46.6,
108,서울,2023-01-13,8.3,37.3,2.5,99.1,
108,서울,2023-01-14,6.6,1.6,2.5,92.9,
108,서울,2023-01-15,-.2,3.2,2.8,93.9,.6
108,서울,2023-01-16,-4.6,0,2.7,63.1,.3
108,서울,2023-01-17,-3.7,0,1.8,65.1,
108,서울,2023-01-18,-1.9,0,2,60.5,
108,서울,2023-01-19,-.4,1,2.5,69.3,
108,서울,2023-01-20,-3.3,,3.7,52.4,
108,서울,2023-01-21,-4.5,,1.8,55.4,
108,서울,2023-01-22,-.6,0,2.6,62.8,
108,서울,2023-01-23,-.8,,2.7,66.6,
108,서울,2023-01-24,-14.7,0,4.6,51.9,
108,서울,2023-01-25,-11.3,0,2.1,45.1,
108,서울,2023-01-26,-6,.8,2.5,80.1,4.5
108,서울,2023-01-27,-7.3,,3.5,56.5,1.7
108,서울,2023-01-28,-6,0,2.4,54.9,
108,서울,2023-01-29,-1.8,,2.6,58.3,
108,서울,2023-01-30,-.9,,2.1,55.9,
108,서울,2023-01-31,2.4,,2.7,69.1,
108,서울,2023-02-01,.9,,3.2,68.4,
108,서울,2023-02-02,-2.4,,2.5,50.3,
108,서울,2023-02-03,-1.6,,2.2,47.4,
108,서울,2023-02-04,-.2,,2,49.8,
108,서울,2023-02-05,1.7,,1.8,71,
108,서울,2023-02-06,3,,1.6,72.3,
108,서울,2023-02-07,3.5,,1.5,72.9,
108,서울,2023-02-08,2.1,,2.5,62.1,
108,서울,2023-02-09,4,0,2.5,49.9,
108,서울,2023-02-10,3.8,.6,2.2,79.6,
108,서울,2023-02-11,2.8,,1.8,73,
108,서울,2023-02-12,3.7,,1.8,70,
108,서울,2023-02-13,5.9,,2.3,66.5,
108,서울,2023-02-14,1.7,,2.7,54.9,
108,서울,2023-02-15,3.2,,2.5,46.4,
108,서울,2023-02-16,2.3,0,2.7,68.3,
108,서울,2023-02-17,3.4,,1.8,67.8,
108,서울,2023-02-18,5.7,,1.5,58.3,
108,서울,2023-02-19,3.5,.4,3.3,56.1,
108,서울,2023-02-20,-.5,,3.3,46.4,
108,서울,2023-02-21,-1.3,,2.1,42.4,
108,서울,2023-02-22,1.2,,2.2,50.6,
108,서울,2023-02-23,2.9,,1.9,65.5,
108,서울,2023-02-24,3.5,,3,57.9,
108,서울,2023-02-25,.7,,2.9,44,
108,서울,2023-02-26,2.2,,2.1,46.6,
108,서울,2023-02-27,4.4,,1.9,47.4,
108,서울,2023-02-28,4.3,,2,63.4,
108,서울,2023-03-01,6,,3.1,54.4,
108,서울,2023-03-02,2.2,,2.8,37.8,
108,서울,2023-03-03,4.6,,2.1,65,
108,서울,2023-03-04,7.7,,1.9,68.4,
108,서울,2023-03-05,8,,1.7,54,
108,서울,2023-03-06,9.2,,2.1,41.9,
108,서울,2023-03-07,11.7,,2.3,60.9,
108,서울,2023-03-08,12.5,1.2,2,66.3,
108,서울,2023-03-09,10.3,3.7,2.3,85.9,
108,서울,2023-03-10,13.5,,2.1,62.1,
108,서울,2023-03-11,15.2,,2.4,52,
108,서울,2023-03-12,5.9,5.6,3.7,68,
108,서울,2023-03-13,2.9,,3.2,38.9,
108,서울,2023-03-14,9.2,,2.9,45.9,
108,서울,2023-03-15,8.6,,3,66.6,
108,서울,2023-03-16,4.6,,2.4,36.8,
108,서울,2023-03-17,7.2,,1.7,34.3,
108,서울,2023-03-18,7.7,,2.6,46.4,
108,서울,2023-03-19,8.3,,2.1,59.6,
108,서울,2023-03-20,9.5,,1.6,50.4,
108,서울,2023-03-21,13,,1.7,35.1,
108,서울,2023-03-22,17,,1.8,44.8,
108,서울,2023-03-23,17.4,0,2.5,48.9,
108,서울,2023-03-24,12.5,,2.3,36.8,
108,서울,2023-03-25,12.5,,2.3,59.9,
108,서울,2023-03-26,9.4,,3.6,34,
108,서울,2023-03-27,7.3,,2.3,44.8,
108,서울,2023-03-28,9.2,,2.1,53.3,
108,서울,2023-03-29,11.8,,1.9,50.3,
108,서울,2023-03-30,13.3,,2.2,42.5,
108,서울,2023-03-31,15,,2.1,42.5,
108,서울,2023-04-01,17.5,,1.8,40.4,
108,서울,2023-04-02,18.8,,2.4,29.6,
108,서울,2023-04-03,19,,2.3,29.4,
108,서울,2023-04-04,17.6,6.9,2.6,40.4,
108,서울,2023-04-05,11.9,50.3,3.4,97.8,
108,서울,2023-04-06,8.8,2.7,2.5,94.6,
108,서울,2023-04-07,8.9,,2.9,65,
108,서울,2023-04-08,8.8,,3.2,51.1,
108,서울,2023-04-09,10.8,,2.5,56.8,
108,서울,2023-04-10,13.2,,2.7,50.8,
108,서울,2023-04-11,13.1,2.9,3.6,73.4,
108,서울,2023-04-12,10.1,,2.7,45.1,
108,서울,2023-04-13,11.9,0,1.8,45,
108,서울,2023-04-14,16.2,,1.6,58.6,
108,서울,2023-04-15,13.5,4.6,2.2,81.8,
108,서울,2023-04-16,10.8,0,2.5,71.4,
108,서울,2023-04-17,13.1,,2,59,
108,서울,2023-04-18,14,1.5,2.7,78.6,
108,서울,2023-04-19,19.1,,2.4,66.1,
108,서울,2023-04-20,15.8,.5,2.4,92.1,
108,서울,2023-04-21,16.7,,2.5,50.4,
108,서울,2023-04-22,16.9,,2.6,22.9,
108,서울,2023-04-23,16.1,,2.1,34.1,
108,서울,2023-04-24,15.8,,2.7,40.5,
108,서울,2023-04-25,10.9,.4,1.9,68.6,
108,서울,2023-04-26,10.2,0,3.1,69.9,
108,서울,2023-04-27,12.9,,1.9,61.6,
108,서울,2023-04-28,15.7,1.9,2.1,62,
108,서울,2023-04-29,13.2,25.1,2.9,88.1,
108,서울,2023-04-30,12.7,.1,3.3,72.9,
108,서울,2023-05-01,14.6,,2.5,57,
108,서울,2023-05-02,16.7,,2.1,40.5,
108,서울,2023-05-03,19.5,,2.1,52.5,
108,서울,2023-05-04,21.4,,2.1,65.5,
108,서울,2023-05-05,18.4,30.2,2.5,95.3,
108,서울,2023-05-06,12.6,47.5,5.4,85.6,
108,서울,2023-05-07,14.4,,2.6,47.1,
108,서울,2023-05-08,15.3,,2.2,55.3,
108,서울,2023-05-09,17,,2.3,55.4,
108,서울,2023-05-10,18.4,,1.8,53.3,
108,서울,2023-05-11,19.5,,2.3,50.1,
108,서울,2023-05-12,18.4,,1.8,50.9,
108,서울,2023-05-13,17.8,0,2,62,
108,서울,2023-05-14,18.1,,2,56.5,
108,서울,2023-05-15,20.6,,2.4,54.6,
108,서울,2023-05-16,24,,2.5,51.9,
108,서울,2023-05-17,23.5,,3.4,63.6,
108,서울,2023-05-18,21.2,1.3,2.1,74.8,
108,서울,2023-05-19,22.3,,2.3,61.4,
108,서울,2023-05-20,21.2,,3,66.9,
108,서울,2023-05-21,17.8,.2,3,74,
108,서울,2023-05-22,20.3,0,1.9,61.3,
108,서울,2023-05-23,20.5,,2.2,48,
108,서울,2023-05-24,20.6,,2,49.8,
108,서울,2023-05-25,21.2,0,2.4,46.6,
108,서울,2023-05-26,21.4,.5,2.1,57.4,
108,서울,2023-05-27,19.3,31.8,1.7,87.4,
108,서울,2023-05-28,19.2,41.8,1.8,98.9,
108,서울,2023-05-29,23.2,2.3,1.6,83.4,
108,서울,2023-05-30,24,,2.2,69.5,
108,서울,2023-05-31,22.8,,2.5,60.8,
108,서울,2023-06-01,22.8,,1.9,66.9,
108,서울,2023-06-02,20.4,0,2.3,77.4,
108,서울,2023-06-03,22,,2.7,60.1,
108,서울,2023-06-04,22.1,,2.4,61,
108,서울,2023-06-05,21.5,,2.6,66.9,
108,서울,2023-06-06,20.3,0,2.6,72.9,
108,서울,2023-06-07,21.4,0,2.1,75.3,
108,서울,2023-06-08,20.4,1.9,2.4,80.5,
108,서울,2023-06-09,23.3,1.2,2,64,
108,서울,2023-06-10,23.2,.8,2.3,70,
108,서울,2023-06-11,22.1,32.2,2.2,76.1,
108,서울,2023-06-12,22.2,0,1.7,70.5,
108,서울,2023-06-13,22,0,2.2,70,
108,서울,2023-06-14,20.6,30.6,1.5,80.3,
108,서울,2023-06-15,22.7,,2.1,70.8,
108,서울,2023-06-16,23.7,,2.1,64.4,
108,서울,2023-06-17,24.2,,2,57.1,
108,서울,2023-06-18,25.9,,2,60.5,
108,서울,2023-06-19,28.5,,2.2,57.8,
108,서울,2023-06-20,24.7,6.4,1.9,64.5,
108,서울,2023-06-21,20.5,24.9,2.1,92.6,
108,서울,2023-06-22,22.5,0,2.2,77.1,
108,서울,2023-06-23,24.4,,1.5,76.6,
108,서울,2023-06-24,26.4,,2,70.5,
108,서울,2023-06-25,28.2,,2.1,64.9,
108,서울,2023-06-26,24.2,30.3,2.9,88.6,
108,서울,2023-06-27,25.3,2.5,3.2,73.1,
108,서울,2023-06-28,26.5,0,2.5,77.4,
108,서울,2023-06-29,24.2,63.8,2.3,95.4,
108,서울,2023-06-30,25.3,1,1.8,89.8,
108,서울,2023-07-01,27.7,,2,76.9,
108,서울,2023-07-02,26.7,,1.9,79.5,
108,서울,2023-07-03,29.1,,1.8,72,
108,서울,2023-07-04,26.1,61.8,2.3,86.8,
108,서울,2023-07-05,24.5,15.3,3.7,82.6,
108,서울,2023-07-06,27.3,,2.7,70.9,
108,서울,2023-07-07,26.7,,2.3,64.9,
108,서울,2023-07-08,25.6,,2.2,76.5,
108,서울,2023-07-09,24.7,47.5,2,86.4,
108,서울,2023-07-10,26.3,11.5,2.3,80.4,
108,서울,2023-07-11,23.5,58.3,1.9,92.4,
108,서울,2023-07-12,25.8,.7,1.5,86.4,
108,서울,2023-07-13,25.2,91.6,1.6,95,
108,서울,2023-07-14,24.6,72.7,2.9,99.1,
108,서울,2023-07-15,24.5,2.3,3,93.5,
108,서울,2023-07-16,24.6,9.7,2.3,89.5,
108,서울,2023-07-17,25.5,1.4,1.7,86.1,
108,서울,2023-07-18,25.2,2.3,1.4,87.9,
108,서울,2023-07-19,27.2,,1.7,78.8,
108,서울,2023-07-20,27.9,,1.8,74,
108,서울,2023-07-21,29.5,,1.8,69.6,
108,서울,2023-07-22,27.7,12.3,2.6,73.9,
108,서울,2023-07-23,25.2,40.2,2.1,94.3,
108,서울,2023-07-24,26.9,.4,2,83.1,
108,서울,2023-07-25,27.8,5.6,2.7,80.5,
108,서울,2023-07-26,27.6,1,2.2,80.9,
108,서울,2023-07-27,28.4,0,1.9,78.1,
108,서울,2023-07-28,29.5,,2.1,72.4,
108,서울,2023-07-29,29.1,,2,72.1,
108,서울,2023-07-30,28.8,25,1.9,72.5,
108,서울,2023-07-31,28.7,.3,1.7,76.3,
108,서울,2023-08-01,29.9,,1.9,71.6,
108,서울,2023-08-02,29.7,,2.1,67.8,
108,서울,2023-08-03,29.5,,2.1,67,
108,서울,2023-08-04,30,,1.9,67.6,
108,서울,2023-08-05,30.3,,2,69,
108,서울,2023-08-06,29.8,4.9,1.7,76.5,
108,서울,2023-08-07,30.4,,2.7,68.4,
108,서울,2023-08-08,30.9,,2.9,60.5,
108,서울,2023-08-09,28.3,.2,3.2,67.6,
108,서울,2023-08-10,22.2,86.1,3.7,91.9,
108,서울,2023-08-11,23.5,46.7,2.3,93.1,
108,서울,2023-08-12,23.3,1.5,1.9,91,
108,서울,2023-08-13,27,,1.7,76.9,
108,서울,2023-08-14,28.1,,1.6,75.4,
108,서울,2023-08-15,28.6,,2.3,71.4,
108,서울,2023-08-16,27.3,.3,2.1,72,
108,서울,2023-08-17,28.2,,1.7,73,
108,서울,2023-08-18,29.1,.1,1.9,72.1,
108,서울,2023-08-19,29.1,,1.9,68.9,
108,서울,2023-08-20,28.3,0,1.6,71.8,
108,서울,2023-08-21,29.5,0,2.4,69.8,
108,서울,2023-08-22,27.6,42.6,2.4,80.3,
108,서울,2023-08-23,24.8,41.8,2.2,91.3,
108,서울,2023-08-24,25.1,5.2,2.8,84.8,
108,서울,2023-08-25,26.5,0,2.6,77.9,
108,서울,2023-08-26,26.4,,1.8,72.3,
108,서울,2023-08-27,26.1,0,1.8,75,
108,서울,2023-08-28,22.7,10.4,3.3,87.5,
108,서울,2023-08-29,23.9,54.8,2.1,89.6,
108,서울,2023-08-30,22.8,3.5,1.1,88,
108,서울,2023-08-31,23.9,,1.3,76.9,
108,서울,2023-09-01,24.5,,2,70.6,
108,서울,2023-09-02,25.4,,1.6,63.9,
108,서울,2023-09-03,25.8,.1,2.2,77.8,
108,서울,2023-09-04,27,.3,1.8,79.9,
108,서울,2023-09-05,28.5,0,1.8,69.5,
108,서울,2023-09-06,27.9,,2.4,65.1,
108,서울,2023-09-07,26.3,,2.5,54.8,
108,서울,2023-09-08,25.3,,2.3,60.3,
108,서울,2023-09-09,25.8,,1.8,66.3,
108,서울,2023-09-10,25.7,,1.6,68.1,
108,서울,2023-09-11,25.5,,1.9,67.3,
108,서울,2023-09-12,25.7,,1.5,69.8,
108,서울,2023-09-13,22.1,15.9,1.8,84.5,
108,서울,2023-09-14,23.4,,2.4,72.4,
108,서울,2023-09-15,22.3,2.1,2.6,82.3,
108,서울,2023-09-16,23.9,38.7,1.7,87.8,
108,서울,2023-09-17,24.7,3,1.4,84.8,
108,서울,2023-09-18,24.7,,1.9,79.1,
108,서울,2023-09-19,24.1,,1.6,81.1,
108,서울,2023-09-20,20.6,35.8,2.7,90.4,
108,서울,2023-09-21,20.1,0,2.3,70.9,
108,서울,2023-09-22,20.5,,1.7,68.4,
108,서울,2023-09-23,21.8,,2.5,63.9,
108,서울,2023-09-24,21.8,,2.9,56.4,
108,서울,2023-09-25,21.6,1.9,2.3,66.4,
108,서울,2023-09-26,19.9,27.8,2.4,95.8,
108,서울,2023-09-27,21.5,4.4,1.8,90.1,
108,서울,2023-09-28,22.7,,2,78.3,
108,서울,2023-09-29,21.1,,1.4,61.5,
108,서울,2023-09-30,19.7,4.5,2.2,77,
108,서울,2023-10-01,18.4,,2.4,59.5,
108,서울,2023-10-02,18.2,,1.7,53.8,
108,서울,2023-10-03,17.5,,1.7,66.3,
108,서울,2023-10-04,17.3,14.7,2.1,75.5,
108,서울,2023-10-05,14.2,,2.6,46.1,
108,서울,2023-10-06,15.5,,1.6,55.3,
108,서울,2023-10-07,16.8,,2.1,62.6,
108,서울,2023-10-08,17.1,0,2.5,67.1,
108,서울,2023-10-09,17.4,1.2,1.9,68.1,
108,서울,2023-10-10,17.1,,1.6,67.1,
108,서울,2023-10-11,17.6,,1.7,57.5,
108,서울,2023-10-12,17.5,,1.5,62.4,
108,서울,2023-10-13,17.5,,1.5,69.6,
108,서울,2023-10-14,14.7,5.8,1.4,84.9,
108,서울,2023-10-15,16.1,,2,80,
108,서울,2023-10-16,14.7,,2.4,57,
108,서울,2023-10-17,13.8,,1.6,55.6,
108,서울,2023-10-18,15.7,,2.1,67,
108,서울,2023-10-19,17,8.2,1.5,82.5,
108,서울,2023-10-20,11.6,,3.2,46.9,
108,서울,2023-10-21,10.4,1.1,2.3,54.8,
108,서울,2023-10-22,12.5,,1.7,67.3,
108,서울,2023-10-23,15.2,,1.7,73.8,
108,서울,2023-10-24,15.6,,1.7,78.5,
108,서울,2023-10-25,16.6,,1.4,78.6,
108,서울,2023-10-26,17.2,0,2.1,79.4,
108,서울,2023-10-27,15.7,,1.9,71.1,
108,서울,2023-10-28,14.2,,1.4,62.9,
108,서울,2023-10-29,14.9,,1.7,61.6,
108,서울,2023-10-30,15.1,,1.7,72,
108,서울,2023-10-31,16.5,,1.8,76,
108,서울,2023-11-01,19,0,2.4,81.8,
108,서울,2023-11-02,20.8,,2.9,70.9,
108,서울,2023-11-03,19.5,8.5,2.8,83.3,
108,서울,2023-11-04,17.4,,2.6,75.5,
108,서울,2023-11-05,17.3,10.4,3.3,87,
108,서울,2023-11-06,13.3,45.8,4.9,84.9,
108,서울,2023-11-07,5.8,0,3.2,62.5,
108,서울,2023-11-08,8.4,,1.7,55.1,
108,서울,2023-11-09,11.4,5.1,2.1,73.1,
108,서울,2023-11-10,3.4,,3.9,53.1,
108,서울,2023-11-11,1.7,,2.2,47.9,
108,서울,2023-11-12,1.2,,2.2,53.8,
108,서울,2023-11-13,2,,2.3,54,
108,서울,2023-11-14,5,,1.7,66.1,
108,서울,2023-11-15,7,,1.5,71.4,
108,서울,2023-11-16,6.6,8.4,1.9,85,
108,서울,2023-11-17,1.6,0,2.9,59.3,
108,서울,2023-11-18,.6,,3.5,58.9,
108,서울,2023-11-19,5.9,,2.4,68.3,
108,서울,2023-11-20,6.2,,1.5,58.4,
108,서울,2023-11-21,7.4,,1.7,59.6,
108,서울,2023-11-22,9.5,,1.8,68.1,
108,서울,2023-11-23,9.9,.1,3.3,71.1,
108,서울,2023-11-24,-1.5,,3.8,51.8,
108,서울,2023-11-25,-1.3,,1.8,42.8,
108,서울,2023-11-26,4,0,1.4,43.6,
108,서울,2023-11-27,6.2,3.6,2.4,82.9,
108,서울,2023-11-28,1.3,,3.3,58,
108,서울,2023-11-29,-1.4,,2.6,59,
108,서울,2023-11-30,-4.3,,2.8,48.5,
108,서울,2023-12-01,-3.2,,2,55.3,
108,서울,2023-12-02,2,0,2.4,60.8,
108,서울,2023-12-03,.8,,1.7,56.3,
108,서울,2023-12-04,2.7,,1.6,59.5,
108,서울,2023-12-05,6.8,,2,55.4,
108,서울,2023-12-06,6.1,3.8,2.3,76.1,
108,서울,2023-12-07,6.6,,2.6,64,
108,서울,2023-12-08,11.2,,3,73.4,
108,서울,2023-12-09,13.7,,2,82.9,
108,서울,2023-12-10,11.4,0,,67.9,
108,서울,2023-12-11,8.9,11.4,,82.9,
108,서울,2023-12-12,5.4,.4,2.7,75.6,
108,서울,2023-12-13,6.8,,2.4,74.1,
108,서울,2023-12-14,7.6,17,4.5,85.8,
108,서울,2023-12-15,4.9,31.1,3.6,95.4,
108,서울,2023-12-16,-4.1,1.5,5.2,68.9,1
108,서울,2023-12-17,-9.8,,3.2,48.9,
108,서울,2023-12-18,-7.7,,2.2,45.1,
108,서울,2023-12-19,-3.7,.3,1.9,63.1,.9
108,서울,2023-12-20,-7.4,.8,3.4,64.1,2.1
108,서울,2023-12-21,-11.7,,3,57.4,.5
108,서울,2023-12-22,-11.6,,2.7,51.8,.4
108,서울,2023-12-23,-6.8,,1.8,53.4,.2
108,서울,2023-12-24,-2.2,1.1,1.6,73.4,1.5
108,서울,2023-12-25,-.7,.7,1.5,80.8,3
108,서울,2023-12-26,1.9,,1.8,72.9,
108,서울,2023-12-27,1.5,,1.4,76.6,
108,서울,2023-12-28,1.2,,1.6,69.5,
108,서울,2023-12-29,1.3,,1.7,71,
108,서울,2023-12-30,.6,13.1,2.6,92,12.2
108,서울,2023-12-31,2.1,4.7,2,95.5,8.8
