구분,고급휘발유,보통휘발유,자동차용경유
2020년01월01일,1828.42,1559.60,1392.26
2020년01월02일,1829.22,1560.36,1392.88
2020년01월03일,1829.27,1561.05,1393.16
2020년01월04일,1829.27,1561.87,1393.82
2020년01월05일,1829.81,1562.34,1394.03
2020년01월06일,1830.83,1563.32,1394.97
2020년01월07일,1832.59,1565.06,1396.28
2020년01월08일,1833.08,1566.54,1397.58
2020년01월09일,1833.56,1568.19,1398.84
2020년01월10일,1834.85,1569.25,1399.62
2020년01월11일,1835.39,1570.06,1400.13
2020년01월12일,1835.06,1570.36,1400.31
2020년01월13일,1835.56,1570.97,1400.86
2020년01월14일,1835.85,1571.34,1401.06
2020년01월15일,1836.16,1571.46,1401.02
2020년01월16일,1835.60,1571.56,1401.06
2020년01월17일,1835.63,1571.45,1400.91
2020년01월18일,1834.35,1571.27,1400.67
2020년01월19일,1835.20,1571.22,1400.52
2020년01월20일,1833.99,1571.26,1400.67
2020년01월21일,1833.33,1571.17,1400.40
2020년01월22일,1833.27,1571.06,1400.18
2020년01월23일,1832.87,1571.06,1400.05
2020년01월24일,1832.71,1570.99,1399.94
2020년01월25일,1832.69,1571.01,1399.84
2020년01월26일,1832.48,1570.91,1399.63
2020년01월27일,1831.82,1570.53,1399.13
2020년01월28일,1832.24,1570.26,1398.77
2020년01월29일,1831.68,1569.66,1398.10
2020년01월30일,1831.22,1568.76,1397.37
2020년01월31일,1829.98,1567.80,1396.42
2020년02월01일,1829.74,1566.46,1394.86
2020년02월02일,1829.16,1565.92,1394.10
2020년02월03일,1829.16,1564.89,1393.18
2020년02월04일,1828.81,1563.30,1391.26
2020년02월05일,1827.17,1561.93,1389.72
2020년02월06일,1825.40,1560.33,1387.92
2020년02월07일,1823.77,1558.76,1386.04
2020년02월08일,1822.68,1557.50,1384.50
2020년02월09일,1821.64,1556.89,1383.70
2020년02월10일,1821.21,1555.51,1382.38
2020년02월11일,1820.45,1552.66,1379.28
2020년02월12일,1819.74,1550.29,1376.42
2020년02월13일,1818.05,1547.53,1373.28
2020년02월14일,1816.72,1545.01,1370.38
2020년02월15일,1814.80,1542.96,1367.64
2020년02월16일,1814.25,1541.95,1366.27
2020년02월17일,1813.68,1540.38,1364.35
2020년02월18일,1812.80,1538.33,1361.95
2020년02월19일,1811.83,1536.63,1359.70
2020년02월20일,1811.46,1535.17,1357.74
2020년02월21일,1810.36,1533.93,1356.17
2020년02월22일,1809.55,1533.01,1354.85
2020년02월23일,1809.15,1532.62,1354.19
2020년02월24일,1808.90,1531.73,1353.38
2020년02월25일,1808.13,1530.59,1351.74
2020년02월26일,1807.10,1529.45,1350.36
2020년02월27일,1806.39,1528.09,1348.74
2020년02월28일,1805.07,1526.59,1346.79
2020년02월29일,1803.70,1525.03,1344.88
2020년03월01일,1803.08,1523.52,1342.68
2020년03월02일,1802.14,1521.76,1340.72
2020년03월03일,1801.32,1519.50,1337.92
2020년03월04일,1799.70,1517.30,1335.41
2020년03월05일,1798.05,1515.36,1333.15
2020년03월06일,1796.42,1513.55,1330.82
2020년03월07일,1794.74,1511.70,1328.48
2020년03월08일,1794.84,1510.79,1327.27
2020년03월09일,1793.63,1508.65,1324.82
2020년03월10일,1791.38,1505.06,1320.52
2020년03월11일,1787.07,1499.70,1314.23
2020년03월12일,1783.97,1494.89,1308.62
2020년03월13일,1781.11,1490.23,1303.35
2020년03월14일,1777.31,1486.01,1298.25
2020년03월15일,1775.51,1484.04,1295.73
2020년03월16일,1774.18,1480.14,1291.56
2020년03월17일,1770.16,1473.72,1284.17
2020년03월18일,1764.62,1465.40,1275.15
2020년03월19일,1758.43,1457.94,1266.95
2020년03월20일,1753.61,1450.71,1259.24
2020년03월21일,1749.08,1445.02,1253.06
2020년03월22일,1746.33,1442.55,1250.05
2020년03월23일,1744.38,1437.38,1244.70
2020년03월24일,1740.34,1430.25,1236.94
2020년03월25일,1735.57,1423.96,1230.81
2020년03월26일,1730.56,1418.18,1224.52
2020년03월27일,1724.93,1411.92,1218.12
2020년03월28일,1720.03,1406.63,1212.81
2020년03월29일,1718.25,1403.83,1209.90
2020년03월30일,1715.02,1398.93,1205.16
2020년03월31일,1710.61,1393.03,1199.27
2020년04월01일,1704.02,1384.29,1190.50
2020년04월02일,1698.16,1377.90,1184.19
2020년04월03일,1692.18,1372.03,1178.65
2020년04월04일,1687.27,1367.91,1174.57
2020년04월05일,1685.68,1366.27,1172.64
2020년04월06일,1683.33,1362.90,1169.74
2020년04월07일,1677.91,1357.79,1164.68
2020년04월08일,1672.42,1352.04,1159.16
2020년04월09일,1666.71,1347.54,1154.71
2020년04월10일,1664.62,1343.57,1151.07
2020년04월11일,1661.38,1339.93,1147.46
2020년04월12일,1660.48,1338.46,1145.88
2020년04월13일,1658.40,1335.31,1143.12
2020년04월14일,1653.34,1331.10,1139.03
2020년04월15일,1649.69,1326.56,1134.87
2020년04월16일,1647.10,1322.62,1131.51
2020년04월17일,1642.79,1317.95,1127.11
2020년04월18일,1638.00,1313.53,1123.01
2020년04월19일,1636.18,1311.41,1120.79
2020년04월20일,1633.70,1307.26,1117.33
2020년04월21일,1628.79,1301.62,1111.91
2020년04월22일,1623.30,1296.70,1107.16
2020년04월23일,1618.87,1292.03,1102.66
2020년04월24일,1614.44,1287.36,1098.28
2020년04월25일,1612.18,1283.83,1094.84
2020년04월26일,1610.72,1282.05,1092.88
2020년04월27일,1608.34,1278.85,1090.09
2020년04월28일,1602.04,1274.40,1085.57
2020년04월29일,1596.82,1270.26,1081.50
2020년04월30일,1593.67,1267.24,1078.54
2020년05월01일,1590.71,1264.02,1075.28
2020년05월02일,1589.18,1262.63,1073.84
2020년05월03일,1588.90,1261.66,1072.70
2020년05월04일,1587.14,1259.87,1071.05
2020년05월05일,1585.24,1257.33,1068.43
2020년05월06일,1584.80,1256.15,1067.27
2020년05월07일,1583.12,1253.91,1065.07
2020년05월08일,1580.74,1252.46,1063.74
2020년05월09일,1578.74,1251.41,1062.51
2020년05월10일,1579.52,1251.08,1062.18
2020년05월11일,1578.34,1250.10,1061.41
2020년05월12일,1577.14,1249.18,1060.35
2020년05월13일,1575.22,1248.34,1059.55
2020년05월14일,1574.88,1247.95,1059.16
2020년05월15일,1574.20,1247.58,1058.75
2020년05월16일,1574.45,1247.73,1059.02
2020년05월17일,1573.51,1247.91,1059.12
2020년05월18일,1574.19,1248.13,1059.50
2020년05월19일,1574.97,1248.66,1059.77
2020년05월20일,1575.39,1249.29,1060.26
2020년05월21일,1576.32,1250.29,1061.27
2020년05월22일,1576.71,1251.66,1062.70
2020년05월23일,1577.57,1253.38,1063.99
2020년05월24일,1579.53,1254.16,1064.54
2020년05월25일,1578.21,1255.48,1065.87
2020년05월26일,1578.88,1258.57,1068.51
2020년05월27일,1582.14,1261.22,1070.81
2020년05월28일,1584.13,1263.74,1073.05
2020년05월29일,1585.27,1266.16,1075.16
2020년05월30일,1585.90,1268.42,1077.12
2020년05월31일,1585.73,1269.84,1078.20
2020년06월01일,1587.69,1273.49,1081.82
2020년06월02일,1588.60,1276.04,1084.15
2020년06월03일,1589.64,1279.03,1086.91
2020년06월04일,1591.01,1282.23,1089.92
2020년06월05일,1593.08,1286.85,1094.27
2020년06월06일,1594.97,1292.21,1099.12
2020년06월07일,1595.55,1294.67,1101.38
2020년06월08일,1596.06,1299.39,1105.88
2020년06월09일,1600.46,1306.08,1112.20
2020년06월10일,1603.86,1311.63,1117.30
2020년06월11일,1606.65,1316.17,1121.52
2020년06월12일,1608.22,1319.99,1125.19
2020년06월13일,1610.58,1322.91,1127.84
2020년06월14일,1611.76,1324.22,1128.99
2020년06월15일,1612.21,1327.02,1131.65
2020년06월16일,1614.27,1330.09,1134.37
2020년06월17일,1615.49,1332.86,1137.11
2020년06월18일,1616.50,1335.47,1139.58
2020년06월19일,1616.89,1337.95,1142.00
2020년06월20일,1618.16,1340.67,1144.35
2020년06월21일,1618.98,1341.84,1145.50
2020년06월22일,1619.92,1344.18,1147.87
2020년06월23일,1621.74,1346.77,1150.24
2020년06월24일,1622.77,1348.54,1151.92
2020년06월25일,1624.41,1350.05,1153.36
2020년06월26일,1624.83,1351.31,1154.71
2020년06월27일,1625.44,1352.59,1155.94
2020년06월28일,1626.29,1353.19,1156.35
2020년06월29일,1627.08,1354.24,1157.44
2020년06월30일,1627.86,1355.20,1158.25
2020년07월01일,1629.17,1356.73,1159.77
2020년07월02일,1629.96,1357.49,1160.40
2020년07월03일,1629.47,1358.04,1161.04
2020년07월04일,1630.12,1358.36,1161.30
2020년07월05일,1631.10,1358.73,1161.47
2020년07월06일,1632.05,1359.06,1161.97
2020년07월07일,1631.99,1359.49,1162.36
2020년07월08일,1631.58,1359.68,1162.63
2020년07월09일,1631.98,1359.95,1162.83
2020년07월10일,1631.52,1360.16,1162.92
2020년07월11일,1632.92,1360.40,1163.23
2020년07월12일,1632.94,1360.51,1163.15
2020년07월13일,1632.60,1360.72,1163.34
2020년07월14일,1632.41,1360.80,1163.45
2020년07월15일,1632.65,1360.91,1163.56
2020년07월16일,1632.52,1361.03,1163.62
2020년07월17일,1634.83,1361.04,1163.74
2020년07월18일,1635.49,1361.15,1163.67
2020년07월19일,1635.98,1361.22,1163.62
2020년07월20일,1635.67,1361.18,1163.65
2020년07월21일,1634.99,1361.13,1163.60
2020년07월22일,1633.71,1361.07,1163.52
2020년07월23일,1633.76,1361.01,1163.45
2020년07월24일,1633.81,1361.04,1163.46
2020년07월25일,1634.18,1361.04,1163.49
2020년07월26일,1634.52,1361.10,1163.48
2020년07월27일,1634.30,1361.01,1163.49
2020년07월28일,1634.51,1361.04,1163.47
2020년07월29일,1634.80,1360.99,1163.46
2020년07월30일,1634.41,1360.93,1163.42
2020년07월31일,1634.40,1360.83,1163.34
2020년08월01일,1634.53,1361.07,1163.69
2020년08월02일,1635.24,1361.20,1163.67
2020년08월03일,1636.17,1361.31,1163.89
2020년08월04일,1635.81,1361.25,1163.76
2020년08월05일,1636.30,1361.12,1163.68
2020년08월06일,1636.43,1361.07,1163.59
2020년08월07일,1636.00,1360.99,1163.51
2020년08월08일,1635.82,1361.00,1163.49
2020년08월09일,1636.44,1361.03,1163.42
2020년08월10일,1636.37,1361.07,1163.48
2020년08월11일,1636.29,1361.06,1163.48
2020년08월12일,1636.43,1361.04,1163.43
2020년08월13일,1637.55,1361.08,1163.51
2020년08월14일,1637.21,1361.12,1163.52
2020년08월15일,1636.79,1361.18,1163.69
2020년08월16일,1636.91,1361.23,1163.68
2020년08월17일,1636.71,1361.25,1163.63
2020년08월18일,1637.05,1361.24,1163.70
2020년08월19일,1636.44,1361.21,1163.76
2020년08월20일,1636.37,1361.27,1163.83
2020년08월21일,1635.96,1361.25,1163.83
2020년08월22일,1636.45,1361.28,1163.73
2020년08월23일,1636.77,1361.20,1163.63
2020년08월24일,1636.89,1361.19,1163.76
2020년08월25일,1636.26,1361.19,1163.62
2020년08월26일,1636.05,1361.09,1163.53
2020년08월27일,1635.83,1361.02,1163.41
2020년08월28일,1636.58,1360.88,1163.27
2020년08월29일,1637.05,1360.74,1163.14
2020년08월30일,1636.93,1360.78,1163.18
2020년08월31일,1636.55,1360.66,1163.09
2020년09월01일,1635.91,1360.37,1162.88
2020년09월02일,1636.31,1360.30,1162.66
2020년09월03일,1636.66,1360.33,1162.68
2020년09월04일,1636.11,1360.22,1162.50
2020년09월05일,1634.87,1360.18,1162.37
2020년09월06일,1635.75,1360.11,1162.24
2020년09월07일,1634.79,1359.89,1161.95
2020년09월08일,1634.33,1359.35,1161.52
2020년09월09일,1633.80,1358.50,1160.62
2020년09월10일,1632.96,1357.59,1159.74
2020년09월11일,1632.68,1356.76,1158.86
2020년09월12일,1632.73,1356.16,1158.20
2020년09월13일,1632.34,1355.88,1157.92
2020년09월14일,1631.97,1355.34,1157.37
2020년09월15일,1630.59,1354.26,1156.25
2020년09월16일,1629.37,1352.80,1154.73
2020년09월17일,1628.10,1351.53,1153.43
2020년09월18일,1627.04,1350.33,1152.26
2020년09월19일,1626.04,1349.55,1151.47
2020년09월20일,1626.39,1349.23,1151.10
2020년09월21일,1625.95,1348.45,1150.44
2020년09월22일,1625.80,1347.37,1149.22
2020년09월23일,1625.17,1346.26,1148.08
2020년09월24일,1624.64,1345.28,1146.98
2020년09월25일,1624.12,1344.43,1146.23
2020년09월26일,1623.56,1343.87,1145.54
2020년09월27일,1624.01,1343.59,1145.23
2020년09월28일,1623.24,1343.10,1144.85
2020년09월29일,1623.66,1342.21,1143.56
2020년09월30일,1622.91,1341.81,1142.93
2020년10월01일,1623.09,1341.59,1142.56
2020년10월02일,1623.57,1341.24,1142.29
2020년10월03일,1622.72,1340.62,1141.54
2020년10월04일,1622.43,1340.17,1141.05
2020년10월05일,1621.91,1339.39,1140.22
2020년10월06일,1621.60,1338.26,1139.04
2020년10월07일,1621.03,1337.44,1138.27
2020년10월08일,1620.43,1336.68,1137.52
2020년10월09일,1619.44,1336.07,1136.94
2020년10월10일,1619.19,1335.80,1136.56
2020년10월11일,1619.00,1335.61,1136.39
2020년10월12일,1619.60,1335.25,1136.01
2020년10월13일,1619.26,1334.67,1135.40
2020년10월14일,1618.96,1334.08,1134.85
2020년10월15일,1618.12,1333.55,1134.34
2020년10월16일,1618.13,1332.97,1133.73
2020년10월17일,1617.77,1332.52,1133.24
2020년10월18일,1617.83,1332.40,1133.01
2020년10월19일,1617.89,1332.00,1132.58
2020년10월20일,1617.89,1331.42,1132.01
2020년10월21일,1617.29,1330.73,1131.32
2020년10월22일,1616.76,1330.19,1130.66
2020년10월23일,1616.17,1329.67,1130.17
2020년10월24일,1616.13,1329.22,1129.77
2020년10월25일,1616.05,1329.04,1129.46
2020년10월26일,1615.85,1328.62,1129.11
2020년10월27일,1615.45,1327.99,1128.47
2020년10월28일,1614.87,1327.40,1127.78
2020년10월29일,1614.70,1326.72,1127.10
2020년10월30일,1614.28,1325.75,1126.21
2020년10월31일,1613.97,1325.11,1125.45
2020년11월01일,1614.11,1324.32,1124.51
2020년11월02일,1613.04,1323.37,1123.70
2020년11월03일,1612.23,1322.14,1122.34
2020년11월04일,1610.77,1321.08,1121.22
2020년11월05일,1609.94,1320.29,1120.47
2020년11월06일,1608.95,1319.71,1119.96
2020년11월07일,1608.83,1319.26,1119.36
2020년11월08일,1608.94,1319.10,1119.02
2020년11월09일,1608.83,1318.67,1118.69
2020년11월10일,1608.84,1318.14,1118.16
2020년11월11일,1608.50,1317.87,1117.80
2020년11월12일,1608.38,1317.69,1117.58
2020년11월13일,1608.30,1317.62,1117.64
2020년11월14일,1607.51,1317.55,1117.53
2020년11월15일,1607.52,1317.55,1117.34
2020년11월16일,1607.48,1317.49,1117.44
2020년11월17일,1607.54,1317.44,1117.29
2020년11월18일,1607.77,1317.11,1116.97
2020년11월19일,1608.05,1317.35,1117.18
2020년11월20일,1608.30,1317.62,1117.46
2020년11월21일,1608.08,1317.88,1117.75
2020년11월22일,1608.37,1317.96,1117.64
2020년11월23일,1608.71,1318.08,1117.97
2020년11월24일,1608.81,1318.35,1118.33
2020년11월25일,1608.48,1319.01,1118.97
2020년11월26일,1608.95,1320.47,1120.47
2020년11월27일,1609.52,1322.21,1122.42
2020년11월28일,1610.28,1323.49,1123.53
2020년11월29일,1610.48,1324.04,1124.08
2020년11월30일,1610.74,1324.99,1125.19
2020년12월01일,1611.79,1327.25,1127.51
2020년12월02일,1612.51,1328.51,1128.81
2020년12월03일,1612.66,1329.96,1130.30
2020년12월04일,1613.58,1331.81,1132.17
2020년12월05일,1614.52,1333.91,1134.35
2020년12월06일,1614.94,1335.02,1135.33
2020년12월07일,1615.51,1336.80,1137.24
2020년12월08일,1616.42,1339.30,1139.68
2020년12월09일,1617.03,1341.26,1141.67
2020년12월10일,1617.31,1343.28,1143.72
2020년12월11일,1618.11,1346.54,1146.94
2020년12월12일,1619.69,1349.88,1150.27
2020년12월13일,1620.61,1351.60,1151.82
2020년12월14일,1621.08,1354.08,1154.49
2020년12월15일,1622.78,1357.25,1157.70
2020년12월16일,1624.35,1360.73,1161.26
2020년12월17일,1626.11,1364.87,1165.49
2020년12월18일,1629.33,1370.74,1171.40
2020년12월19일,1632.33,1376.91,1177.34
2020년12월20일,1633.68,1380.09,1180.46
2020년12월21일,1635.17,1384.58,1185.16
2020년12월22일,1638.64,1389.87,1190.57
2020년12월23일,1642.38,1394.09,1194.87
2020년12월24일,1645.08,1398.43,1199.30
2020년12월25일,1648.13,1402.70,1203.45
2020년12월26일,1649.25,1405.23,1206.06
2020년12월27일,1650.22,1406.84,1207.54
2020년12월28일,1651.94,1409.68,1210.65
2020년12월29일,1654.39,1413.82,1214.60
2020년12월30일,1657.64,1417.11,1218.04
2020년12월31일,1659.70,1419.70,1220.58
2021년01월01일,1662.86,1424.00,1224.64
2021년01월02일,1662.62,1425.64,1226.31
2021년01월03일,1663.82,1426.62,1227.34
2021년01월04일,1665.16,1428.43,1229.22
2021년01월05일,1667.24,1430.42,1231.37
2021년01월06일,1667.88,1431.84,1232.66
2021년01월07일,1669.60,1433.41,1234.06
2021년01월08일,1670.89,1434.78,1235.41
2021년01월09일,1673.20,1436.05,1236.56
2021년01월10일,1673.65,1436.73,1237.18
2021년01월11일,1674.31,1437.89,1238.44
2021년01월12일,1675.42,1439.25,1239.76
2021년01월13일,1676.74,1440.44,1240.99
2021년01월14일,1678.88,1441.94,1242.48
2021년01월15일,1680.58,1443.47,1244.02
2021년01월16일,1681.86,1444.83,1245.32
2021년01월17일,1682.43,1445.38,1245.77
2021년01월18일,1682.98,1446.25,1246.70
2021년01월19일,1684.37,1447.27,1247.70
2021년01월20일,1685.51,1448.04,1248.56
2021년01월21일,1686.05,1448.83,1249.31
2021년01월22일,1687.00,1449.36,1249.82
2021년01월23일,1687.57,1449.76,1250.18
2021년01월24일,1687.18,1449.89,1250.18
2021년01월25일,1688.03,1450.32,1250.71
2021년01월26일,1688.24,1450.49,1250.85
2021년01월27일,1687.82,1450.73,1251.11
2021년01월28일,1687.90,1450.89,1251.21
2021년01월29일,1688.37,1451.30,1251.60
2021년01월30일,1689.06,1451.43,1251.79
2021년01월31일,1689.05,1451.48,1251.75
2021년02월01일,1689.84,1451.94,1252.30
2021년02월02일,1689.79,1451.99,1252.38
2021년02월03일,1690.01,1452.13,1252.56
2021년02월04일,1690.17,1452.42,1252.80
2021년02월05일,1690.46,1452.85,1253.20
2021년02월06일,1692.68,1453.46,1253.85
2021년02월07일,1692.75,1453.65,1253.97
2021년02월08일,1693.00,1454.26,1254.64
2021년02월09일,1695.52,1455.63,1255.86
2021년02월10일,1698.68,1457.21,1257.42
2021년02월11일,1700.77,1458.76,1258.86
2021년02월12일,1701.16,1459.28,1259.36
2021년02월13일,1701.58,1459.61,1259.73
2021년02월14일,1701.98,1459.89,1259.97
2021년02월15일,1702.54,1461.06,1261.12
2021년02월16일,1705.17,1463.32,1263.37
2021년02월17일,1706.92,1464.89,1264.93
2021년02월18일,1707.75,1466.59,1266.71
2021년02월19일,1709.70,1468.46,1268.47
2021년02월20일,1711.07,1469.88,1269.81
2021년02월21일,1711.82,1470.60,1270.45
2021년02월22일,1712.43,1471.83,1271.86
2021년02월23일,1714.02,1473.21,1273.23
2021년02월24일,1715.27,1474.79,1274.74
2021년02월25일,1716.30,1476.11,1276.05
2021년02월26일,1717.18,1477.54,1277.65
2021년02월27일,1718.94,1479.10,1279.25
2021년02월28일,1719.33,1479.89,1279.83
2021년03월01일,1722.61,1481.76,1281.79
2021년03월02일,1724.04,1483.10,1283.22
2021년03월03일,1725.39,1484.45,1284.59
2021년03월04일,1727.38,1485.71,1285.76
2021년03월05일,1729.47,1487.79,1287.77
2021년03월06일,1731.91,1490.69,1290.65
2021년03월07일,1733.24,1492.40,1292.27
2021년03월08일,1735.71,1495.18,1295.18
2021년03월09일,1739.71,1498.95,1298.90
2021년03월10일,1742.21,1501.95,1301.82
2021년03월11일,1744.84,1504.22,1304.06
2021년03월12일,1746.42,1506.70,1306.43
2021년03월13일,1748.32,1509.97,1309.59
2021년03월14일,1750.43,1511.68,1311.17
2021년03월15일,1752.26,1514.35,1313.91
2021년03월16일,1755.45,1517.64,1317.11
2021년03월17일,1758.36,1520.36,1319.74
2021년03월18일,1759.72,1522.81,1322.18
2021년03월19일,1761.79,1524.98,1324.20
2021년03월20일,1763.13,1526.53,1325.69
2021년03월21일,1764.17,1527.40,1326.49
2021년03월22일,1764.70,1528.75,1327.95
2021년03월23일,1765.63,1530.34,1329.45
2021년03월24일,1766.59,1531.33,1330.32
2021년03월25일,1766.73,1531.90,1330.76
2021년03월26일,1766.94,1532.48,1331.16
2021년03월27일,1767.27,1532.94,1331.33
2021년03월28일,1767.65,1533.22,1331.45
2021년03월29일,1768.13,1533.50,1331.89
2021년03월30일,1768.58,1534.04,1332.27
2021년03월31일,1768.81,1534.27,1332.49
2021년04월01일,1769.14,1534.52,1333.10
2021년04월02일,1769.17,1534.68,1333.22
2021년04월03일,1769.12,1534.84,1333.29
2021년04월04일,1769.74,1534.93,1333.22
2021년04월05일,1769.94,1535.02,1333.54
2021년04월06일,1770.19,1535.07,1333.51
2021년04월07일,1770.46,1535.05,1333.43
2021년04월08일,1770.91,1535.04,1333.33
2021년04월09일,1771.18,1534.99,1333.30
2021년04월10일,1771.15,1534.90,1333.22
2021년04월11일,1771.34,1534.95,1333.08
2021년04월12일,1771.02,1534.97,1333.17
2021년04월13일,1770.97,1534.90,1333.17
2021년04월14일,1771.30,1534.79,1333.16
2021년04월15일,1771.17,1534.71,1332.98
2021년04월16일,1771.08,1534.64,1332.94
2021년04월17일,1771.23,1534.38,1332.46
2021년04월18일,1771.22,1534.35,1332.31
2021년04월19일,1771.28,1534.33,1332.43
2021년04월20일,1770.87,1534.26,1332.34
2021년04월21일,1770.91,1534.25,1332.45
2021년04월22일,1771.10,1534.21,1332.29
2021년04월23일,1771.16,1534.11,1332.19
2021년04월24일,1771.30,1534.04,1332.11
2021년04월25일,1771.40,1534.03,1331.97
2021년04월26일,1771.45,1534.03,1332.17
2021년04월27일,1770.92,1533.96,1332.05
2021년04월28일,1771.16,1533.93,1331.98
2021년04월29일,1770.91,1533.92,1331.98
2021년04월30일,1770.87,1533.93,1331.98
2021년05월01일,1772.20,1534.19,1331.99
2021년05월02일,1772.29,1534.27,1332.01
2021년05월03일,1772.45,1534.27,1332.18
2021년05월04일,1772.79,1534.28,1332.13
2021년05월05일,1772.71,1534.36,1332.17
2021년05월06일,1773.41,1534.55,1332.44
2021년05월07일,1773.53,1534.90,1332.66
2021년05월08일,1773.85,1535.33,1332.99
2021년05월09일,1774.57,1535.53,1332.96
2021년05월10일,1774.80,1536.10,1333.59
2021년05월11일,1776.65,1537.02,1334.55
2021년05월12일,1777.50,1537.73,1335.22
2021년05월13일,1778.94,1538.82,1336.23
2021년05월14일,1780.20,1539.99,1337.23
2021년05월15일,1781.16,1540.53,1337.59
2021년05월16일,1781.45,1540.93,1337.89
2021년05월17일,1782.04,1541.67,1338.79
2021년05월18일,1782.52,1542.60,1339.76
2021년05월19일,1783.56,1543.52,1340.52
2021년05월20일,1783.73,1544.19,1341.26
2021년05월21일,1784.48,1544.88,1342.01
2021년05월22일,1785.05,1545.57,1342.52
2021년05월23일,1785.22,1545.86,1342.66
2021년05월24일,1785.47,1546.47,1343.57
2021년05월25일,1785.56,1547.36,1344.41
2021년05월26일,1786.20,1548.28,1345.25
2021년05월27일,1787.09,1549.28,1346.23
2021년05월28일,1787.36,1550.19,1347.07
2021년05월29일,1788.09,1551.04,1347.96
2021년05월30일,1788.37,1551.52,1348.30
2021년05월31일,1788.88,1552.23,1349.20
2021년06월01일,1791.70,1554.21,1351.20
2021년06월02일,1792.50,1555.59,1352.56
2021년06월03일,1793.84,1556.98,1353.87
2021년06월04일,1794.30,1558.60,1355.45
2021년06월05일,1795.71,1560.26,1357.08
2021년06월06일,1796.63,1561.13,1357.87
2021년06월07일,1797.48,1562.72,1359.48
2021년06월08일,1799.54,1564.59,1361.39
2021년06월09일,1801.12,1566.31,1363.17
2021년06월10일,1802.80,1567.97,1364.75
2021년06월11일,1803.95,1569.83,1366.64
2021년06월12일,1806.20,1571.61,1368.50
2021년06월13일,1806.74,1572.53,1369.34
2021년06월14일,1807.31,1574.22,1371.18
2021년06월15일,1808.94,1576.08,1373.08
2021년06월16일,1811.48,1578.16,1375.20
2021년06월17일,1812.97,1580.15,1377.28
2021년06월18일,1813.88,1581.71,1378.80
2021년06월19일,1815.89,1583.18,1380.31
2021년06월20일,1816.34,1583.95,1380.93
2021년06월21일,1816.94,1585.42,1382.59
2021년06월22일,1819.43,1587.57,1384.76
2021년06월23일,1821.49,1589.45,1386.67
2021년06월24일,1823.37,1591.42,1388.67
2021년06월25일,1825.07,1593.50,1390.65
2021년06월26일,1826.67,1595.56,1392.56
2021년06월27일,1827.63,1596.67,1393.61
2021년06월28일,1828.35,1598.52,1395.65
2021년06월29일,1830.82,1601.06,1398.26
2021년06월30일,1832.66,1602.75,1399.91
2021년07월01일,1836.94,1605.96,1403.07
2021년07월02일,1838.98,1607.97,1405.02
2021년07월03일,1840.60,1609.95,1406.75
2021년07월04일,1841.32,1610.79,1407.44
2021년07월05일,1842.11,1612.37,1409.22
2021년07월06일,1844.04,1615.07,1411.79
2021년07월07일,1847.67,1617.77,1414.43
2021년07월08일,1849.47,1619.82,1416.46
2021년07월09일,1850.89,1621.64,1418.19
2021년07월10일,1852.53,1623.62,1420.08
2021년07월11일,1853.19,1624.60,1420.89
2021년07월12일,1853.72,1626.18,1422.60
2021년07월13일,1855.97,1628.33,1424.58
2021년07월14일,1858.25,1630.21,1426.35
2021년07월15일,1859.45,1631.74,1427.90
2021년07월16일,1861.12,1633.50,1429.58
2021년07월17일,1864.54,1634.76,1430.98
2021년07월18일,1865.17,1635.40,1431.48
2021년07월19일,1866.66,1636.67,1432.85
2021년07월20일,1868.72,1637.56,1433.65
2021년07월21일,1869.72,1638.06,1434.06
2021년07월22일,1870.79,1638.63,1434.65
2021년07월23일,1871.36,1639.13,1435.09
2021년07월24일,1872.46,1639.68,1435.50
2021년07월25일,1872.73,1640.03,1435.65
2021년07월26일,1872.93,1640.59,1436.35
2021년07월27일,1873.25,1641.11,1436.87
2021년07월28일,1873.57,1641.55,1437.31
2021년07월29일,1874.28,1642.03,1437.63
2021년07월30일,1874.97,1642.56,1438.13
2021년07월31일,1875.31,1643.05,1438.50
2021년08월01일,1876.79,1643.95,1439.18
2021년08월02일,1877.95,1644.60,1439.98
2021년08월03일,1878.39,1645.23,1440.57
2021년08월04일,1879.68,1645.75,1440.98
2021년08월05일,1880.18,1646.09,1441.30
2021년08월06일,1880.74,1646.72,1441.84
2021년08월07일,1881.12,1647.01,1441.98
2021년08월08일,1881.46,1647.13,1441.99
2021년08월09일,1881.46,1647.32,1442.25
2021년08월10일,1881.55,1647.35,1442.23
2021년08월11일,1881.54,1647.32,1442.14
2021년08월12일,1881.30,1647.34,1442.12
2021년08월13일,1881.37,1647.35,1442.11
2021년08월14일,1881.48,1647.28,1441.95
2021년08월15일,1881.51,1647.25,1441.87
2021년08월16일,1881.49,1647.35,1442.02
2021년08월17일,1881.60,1647.22,1441.90
2021년08월18일,1881.23,1647.00,1441.60
2021년08월19일,1880.85,1646.40,1441.01
2021년08월20일,1880.48,1645.98,1440.55
2021년08월21일,1880.15,1645.55,1439.96
2021년08월22일,1880.19,1645.36,1439.86
2021년08월23일,1879.87,1645.14,1439.71
2021년08월24일,1879.82,1644.81,1439.35
2021년08월25일,1879.69,1644.52,1439.06
2021년08월26일,1879.01,1644.28,1438.88
2021년08월27일,1878.65,1644.07,1438.62
2021년08월28일,1878.70,1643.84,1438.32
2021년08월29일,1878.75,1643.71,1438.04
2021년08월30일,1878.81,1643.66,1438.21
2021년08월31일,1878.58,1643.51,1438.06
2021년09월01일,1878.24,1643.23,1437.74
2021년09월02일,1878.01,1642.98,1437.55
2021년09월03일,1877.52,1642.68,1437.28
2021년09월04일,1877.78,1642.48,1436.95
2021년09월05일,1877.82,1642.49,1436.80
2021년09월06일,1877.11,1642.44,1436.91
2021년09월07일,1876.84,1642.25,1436.72
2021년09월08일,1876.67,1642.09,1436.52
2021년09월09일,1876.80,1642.03,1436.39
2021년09월10일,1876.75,1641.97,1436.39
2021년09월11일,1876.44,1641.76,1436.19
2021년09월12일,1876.60,1641.79,1436.01
2021년09월13일,1876.73,1641.88,1436.28
2021년09월14일,1876.36,1641.78,1436.17
2021년09월15일,1876.35,1641.79,1436.25
2021년09월16일,1876.23,1641.83,1436.29
2021년09월17일,1876.38,1642.07,1436.52
2021년09월18일,1876.40,1642.22,1436.67
2021년09월19일,1876.51,1642.38,1436.71
2021년09월20일,1876.66,1642.59,1436.88
2021년09월21일,1876.83,1642.65,1436.92
2021년09월22일,1876.72,1642.47,1436.66
2021년09월23일,1876.71,1642.80,1437.21
2021년09월24일,1878.18,1643.19,1437.73
2021년09월25일,1878.83,1643.40,1437.83
2021년09월26일,1879.22,1643.55,1437.88
2021년09월27일,1879.63,1643.93,1438.49
2021년09월28일,1880.60,1644.44,1439.03
2021년09월29일,1881.53,1645.12,1439.76
2021년09월30일,1882.12,1645.99,1440.85
2021년10월01일,1885.66,1648.21,1443.14
2021년10월02일,1886.37,1649.52,1444.57
2021년10월03일,1886.54,1650.24,1445.08
2021년10월04일,1887.18,1651.18,1446.28
2021년10월05일,1888.63,1652.92,1448.18
2021년10월06일,1891.84,1656.81,1452.28
2021년10월07일,1895.49,1661.16,1456.80
2021년10월08일,1904.09,1667.13,1462.87
2021년10월09일,1907.68,1673.01,1468.94
2021년10월10일,1909.44,1676.42,1472.26
2021년10월11일,1911.16,1680.13,1476.01
2021년10월12일,1914.22,1685.07,1481.20
2021년10월13일,1921.65,1693.57,1490.26
2021년10월14일,1928.23,1700.95,1498.15
2021년10월15일,1935.00,1709.17,1506.65
2021년10월16일,1939.86,1716.93,1514.39
2021년10월17일,1941.97,1720.83,1518.34
2021년10월18일,1944.88,1725.89,1523.77
2021년10월19일,1950.35,1732.45,1530.43
2021년10월20일,1957.08,1739.15,1537.28
2021년10월21일,1961.29,1743.99,1542.25
2021년10월22일,1965.56,1748.70,1547.04
2021년10월23일,1969.45,1753.22,1551.40
2021년10월24일,1972.08,1755.49,1553.43
2021년10월25일,1974.34,1758.42,1556.69
2021년10월26일,1977.99,1762.66,1560.93
2021년10월27일,1984.51,1766.70,1564.79
2021년10월28일,1990.71,1770.89,1568.88
2021년10월29일,1993.84,1774.44,1572.22
2021년10월30일,1998.49,1778.82,1576.42
2021년10월31일,2000.68,1780.90,1578.31
2021년11월01일,2003.03,1784.53,1582.01
2021년11월02일,2005.13,1788.16,1585.36
2021년11월03일,2008.60,1791.29,1588.34
2021년11월04일,2014.46,1794.95,1591.63
2021년11월05일,2017.61,1797.95,1594.42
2021년11월06일,2018.98,1801.25,1597.58
2021년11월07일,2019.92,1802.96,1598.84
2021년11월08일,2021.26,1805.18,1600.87
2021년11월09일,2022.37,1807.47,1602.98
2021년11월10일,2023.68,1809.12,1604.52
2021년11월11일,2023.92,1810.16,1605.64
2021년11월12일,1943.95,1767.74,1575.03
2021년11월13일,1932.15,1751.17,1562.40
2021년11월14일,1926.97,1742.50,1555.81
2021년11월15일,1920.72,1724.87,1542.16
2021년11월16일,1914.06,1711.92,1531.96
2021년11월17일,1909.54,1704.62,1526.24
2021년11월18일,1905.72,1699.10,1521.82
2021년11월19일,1903.27,1695.39,1518.74
2021년11월20일,1902.19,1692.72,1516.50
2021년11월21일,1901.40,1691.38,1515.15
2021년11월22일,1899.77,1688.88,1513.22
2021년11월23일,1898.46,1687.02,1511.62
2021년11월24일,1897.32,1685.60,1510.35
2021년11월25일,1896.09,1684.46,1509.16
2021년11월26일,1894.56,1683.16,1508.23
2021년11월27일,1893.14,1681.57,1506.77
2021년11월28일,1892.68,1680.79,1505.83
2021년11월29일,1891.82,1679.52,1504.95
2021년11월30일,1892.07,1678.25,1503.76
2021년12월01일,1889.99,1675.88,1501.52
2021년12월02일,1888.38,1673.98,1499.73
2021년12월03일,1887.32,1672.11,1497.83
2021년12월04일,1885.76,1670.22,1495.88
2021년12월05일,1885.64,1669.44,1494.93
2021년12월06일,1884.99,1667.87,1493.43
2021년12월07일,1883.22,1664.87,1489.98
2021년12월08일,1881.65,1662.05,1486.87
2021년12월09일,1878.97,1659.45,1483.64
2021년12월10일,1876.76,1656.65,1480.84
2021년12월11일,1875.24,1654.40,1478.23
2021년12월12일,1874.48,1653.53,1477.06
2021년12월13일,1873.73,1651.59,1475.23
2021년12월14일,1872.38,1649.23,1472.46
2021년12월15일,1870.76,1646.71,1469.52
2021년12월16일,1869.18,1643.44,1466.11
2021년12월17일,1868.00,1641.08,1463.39
2021년12월18일,1866.80,1639.44,1461.35
2021년12월19일,1866.59,1638.75,1460.26
2021년12월20일,1865.79,1636.81,1458.47
2021년12월21일,1864.53,1634.46,1455.64
2021년12월22일,1863.72,1632.31,1453.08
2021년12월23일,1862.86,1630.71,1451.15
2021년12월24일,1862.83,1629.16,1449.37
2021년12월25일,1861.49,1628.10,1447.97
2021년12월26일,1861.38,1627.82,1447.53
2021년12월27일,1862.00,1627.07,1446.92
2021년12월28일,1861.44,1626.06,1445.68
2021년12월29일,1861.28,1625.31,1444.70
2021년12월30일,1860.68,1624.93,1444.00
2021년12월31일,1859.91,1624.47,1443.58
2022년01월01일,1859.16,1623.79,1442.42
2022년01월02일,1859.40,1623.40,1442.09
2022년01월03일,1858.95,1623.03,1441.82
2022년01월04일,1858.55,1622.32,1440.91
2022년01월05일,1858.76,1621.79,1440.23
2022년01월06일,1858.55,1621.22,1439.42
2022년01월07일,1859.42,1620.98,1439.13
2022년01월08일,1859.79,1621.40,1439.46
2022년01월09일,1859.76,1621.30,1439.18
2022년01월10일,1860.01,1621.45,1439.54
2022년01월11일,1861.18,1621.56,1439.59
2022년01월12일,1861.28,1622.04,1439.93
2022년01월13일,1862.15,1623.20,1441.22
2022년01월14일,1863.09,1624.78,1442.77
2022년01월15일,1864.94,1626.33,1444.25
2022년01월16일,1865.37,1627.47,1445.13
2022년01월17일,1865.80,1629.30,1447.28
2022년01월18일,1867.75,1631.44,1449.50
2022년01월19일,1869.27,1634.23,1452.22
2022년01월20일,1872.99,1637.65,1455.85
2022년01월21일,1876.03,1641.46,1459.98
2022년01월22일,1878.81,1644.44,1462.91
2022년01월23일,1879.40,1645.89,1464.12
2022년01월24일,1880.45,1648.45,1466.92
2022년01월25일,1883.09,1650.81,1469.52
2022년01월26일,1885.18,1653.39,1472.22
2022년01월27일,1888.26,1656.26,1475.31
2022년01월28일,1890.44,1659.44,1478.31
2022년01월29일,1891.93,1662.55,1481.21
2022년01월30일,1892.44,1664.47,1483.00
2022년01월31일,1893.77,1666.03,1484.35
2022년02월01일,1897.50,1667.71,1485.89
2022년02월02일,1898.24,1668.81,1487.05
2022년02월03일,1899.31,1671.13,1489.71
2022년02월04일,1903.52,1674.67,1493.54
2022년02월05일,1907.98,1680.26,1499.00
2022년02월06일,1909.83,1682.78,1501.32
2022년02월07일,1911.83,1686.54,1505.56
2022년02월08일,1915.41,1691.81,1511.18
2022년02월09일,1923.64,1697.01,1516.69
2022년02월10일,1927.57,1700.89,1521.10
2022년02월11일,1929.34,1704.32,1524.75
2022년02월12일,1931.41,1708.23,1528.91
2022년02월13일,1932.67,1710.46,1531.22
2022년02월14일,1934.72,1714.12,1535.33
2022년02월15일,1938.18,1718.64,1540.24
2022년02월16일,1942.47,1722.69,1545.08
2022년02월17일,1944.94,1726.09,1549.04
2022년02월18일,1948.02,1729.39,1552.79
2022년02월19일,1950.32,1732.31,1555.98
2022년02월20일,1951.75,1733.84,1557.47
2022년02월21일,1953.51,1736.48,1560.65
2022년02월22일,1955.69,1739.36,1563.99
2022년02월23일,1958.38,1743.05,1568.31
2022년02월24일,1960.22,1746.20,1572.03
2022년02월25일,1963.42,1750.84,1577.05
2022년02월26일,1967.62,1754.75,1581.41
2022년02월27일,1968.72,1756.31,1582.87
2022년02월28일,1970.54,1758.87,1585.96
2022년03월01일,1978.01,1763.32,1590.62
2022년03월02일,1980.57,1767.09,1594.81
2022년03월03일,1987.10,1774.18,1602.22
2022년03월04일,2001.17,1786.04,1615.37
2022년03월05일,2013.77,1803.20,1634.99
2022년03월06일,2021.93,1812.90,1646.01
2022년03월07일,2033.12,1828.34,1665.13
2022년03월08일,2070.15,1860.61,1706.45
2022년03월09일,2101.67,1892.40,1750.15
2022년03월10일,2121.70,1913.73,1781.84
2022년03월11일,2152.86,1938.97,1818.45
2022년03월12일,2178.73,1965.03,1857.08
2022년03월13일,2186.06,1975.36,1872.63
2022년03월14일,2199.38,1988.04,1892.42
2022년03월15일,2215.11,2000.95,1912.14
2022년03월16일,2220.36,2004.23,1917.89
2022년03월17일,2220.83,2003.42,1917.35
2022년03월18일,2219.27,2002.56,1917.35
2022년03월19일,2217.84,2002.13,1917.14
2022년03월20일,2217.71,2002.18,1917.39
2022년03월21일,2218.15,2002.12,1917.82
2022년03월22일,2217.07,2001.84,1917.89
2022년03월23일,2217.07,2001.72,1918.25
2022년03월24일,2216.29,2001.81,1918.92
2022년03월25일,2214.41,2001.92,1919.65
2022년03월26일,2212.90,2000.65,1919.15
2022년03월27일,2213.04,2000.85,1919.61
2022년03월28일,2212.79,2001.15,1920.44
2022년03월29일,2214.23,2000.45,1920.32
2022년03월30일,2213.16,1999.44,1919.72
2022년03월31일,2212.71,1998.39,1918.84
2022년04월01일,2211.45,1996.11,1916.89
2022년04월02일,2204.68,1994.54,1915.18
2022년04월03일,2202.84,1993.97,1914.62
2022년04월04일,2202.56,1992.30,1913.19
2022년04월05일,2198.40,1990.23,1911.37
2022년04월06일,2198.49,1988.81,1910.43
2022년04월07일,2196.66,1987.04,1909.18
2022년04월08일,2195.60,1984.87,1907.86
2022년04월09일,2194.44,1982.90,1906.17
2022년04월10일,2193.56,1982.06,1905.50
2022년04월11일,2193.61,1980.41,1904.54
2022년04월12일,2193.28,1976.94,1902.53
2022년04월13일,2192.16,1974.21,1900.84
2022년04월14일,2191.00,1972.26,1899.67
2022년04월15일,2189.53,1970.42,1899.20
2022년04월16일,2188.40,1969.26,1898.83
2022년04월17일,2188.20,1968.85,1898.62
2022년04월18일,2188.68,1968.37,1899.04
2022년04월19일,2188.22,1967.79,1899.54
2022년04월20일,2188.36,1967.30,1900.24
2022년04월21일,2187.84,1966.82,1900.70
2022년04월22일,2188.06,1966.64,1901.65
2022년04월23일,2188.18,1966.50,1902.33
2022년04월24일,2188.11,1966.66,1902.69
2022년04월25일,2189.75,1967.62,1906.16
2022년04월26일,2190.88,1968.20,1908.09
2022년04월27일,2192.19,1968.74,1909.86
2022년04월28일,2192.74,1969.90,1911.81
2022년04월29일,2194.31,1971.64,1915.25
2022년04월30일,2196.60,1974.77,1920.52
2022년05월01일,2158.03,1954.80,1908.76
2022년05월02일,2151.88,1944.63,1904.81
2022년05월03일,2145.89,1937.99,1903.93
2022년05월04일,2144.83,1934.47,1906.66
2022년05월05일,2144.06,1932.20,1910.34
2022년05월06일,2144.13,1931.69,1914.20
2022년05월07일,2146.05,1933.32,1920.01
2022년05월08일,2150.45,1935.93,1924.70
2022년05월09일,2153.33,1938.49,1931.32
2022년05월10일,2164.20,1943.79,1941.46
2022년05월11일,2165.94,1946.11,1947.59
2022년05월12일,2169.90,1948.69,1953.29
2022년05월13일,2173.97,1951.70,1959.24
2022년05월14일,2176.16,1954.70,1964.02
2022년05월15일,2176.35,1956.42,1966.48
2022년05월16일,2177.84,1958.73,1970.51
2022년05월17일,2183.42,1963.26,1976.49
2022년05월18일,2185.95,1967.33,1981.61
2022년05월19일,2191.74,1972.11,1986.76
2022년05월20일,2196.10,1977.39,1990.99
2022년05월21일,2199.98,1982.53,1994.32
2022년05월22일,2201.58,1985.07,1995.79
2022년05월23일,2204.90,1988.77,1998.38
2022년05월24일,2212.70,1994.77,2000.93
2022년05월25일,2216.69,1998.59,2002.68
2022년05월26일,2219.43,2001.53,2003.85
2022년05월27일,2222.99,2004.55,2005.14
2022년05월28일,2225.81,2007.62,2005.62
2022년05월29일,2226.23,2008.76,2006.09
2022년05월30일,2227.99,2010.45,2007.13
2022년05월31일,2231.61,2012.69,2008.23
2022년06월01일,2233.25,2015.37,2009.47
2022년06월02일,2236.09,2017.79,2011.18
2022년06월03일,2238.96,2020.84,2013.43
2022년06월04일,2244.33,2026.21,2018.44
2022년06월05일,2246.36,2029.29,2021.12
2022년06월06일,2248.54,2032.04,2023.85
2022년06월07일,2252.58,2035.74,2027.96
2022년06월08일,2259.26,2042.04,2036.52
2022년06월09일,2265.28,2048.47,2044.40
2022년06월10일,2273.99,2056.79,2054.37
2022년06월11일,2280.61,2064.59,2063.53
2022년06월12일,2283.01,2068.60,2067.99
2022년06월13일,2288.61,2074.30,2074.89
2022년06월14일,2294.76,2081.98,2083.67
2022년06월15일,2299.64,2087.61,2090.62
2022년06월16일,2303.65,2092.20,2096.10
2022년06월17일,2310.90,2098.45,2104.20
2022년06월18일,2315.41,2104.63,2112.50
2022년06월19일,2317.48,2107.53,2115.96
2022년06월20일,2320.15,2111.28,2120.85
2022년06월21일,2326.73,2116.35,2127.58
2022년06월22일,2332.33,2120.14,2133.25
2022년06월23일,2336.45,2123.61,2138.20
2022년06월24일,2342.40,2126.71,2143.13
2022년06월25일,2344.74,2129.47,2147.06
2022년06월26일,2346.39,2131.16,2149.16
2022년06월27일,2349.10,2133.80,2153.00
2022년06월28일,2351.48,2137.30,2158.24
2022년06월29일,2353.11,2141.09,2163.15
2022년06월30일,2355.51,2144.90,2167.66
2022년07월01일,2327.44,2128.84,2157.70
2022년07월02일,2324.83,2124.75,2155.39
2022년07월03일,2324.01,2123.33,2154.46
2022년07월04일,2322.96,2120.58,2153.08
2022년07월05일,2321.68,2117.18,2150.78
2022년07월06일,2319.88,2113.85,2148.59
2022년07월07일,2316.62,2108.96,2145.24
2022년07월08일,2310.48,2102.49,2140.28
2022년07월09일,2306.90,2097.77,2136.65
2022년07월10일,2305.53,2095.64,2134.84
2022년07월11일,2304.93,2090.82,2131.28
2022년07월12일,2299.60,2082.10,2124.27
2022년07월13일,2293.48,2073.11,2117.16
2022년07월14일,2285.41,2061.81,2108.96
2022년07월15일,2276.41,2049.04,2099.72
2022년07월16일,2270.01,2038.83,2092.28
2022년07월17일,2268.33,2034.36,2088.75
2022년07월18일,2265.35,2026.25,2082.11
2022년07월19일,2253.39,2013.01,2072.42
2022년07월20일,2242.92,2002.16,2063.99
2022년07월21일,2234.76,1989.93,2055.28
2022년07월22일,2226.83,1977.25,2046.01
2022년07월23일,2215.25,1964.60,2036.83
2022년07월24일,2211.98,1959.42,2032.61
2022년07월25일,2206.64,1948.86,2024.70
2022년07월26일,2196.63,1936.63,2015.01
2022년07월27일,2188.30,1926.81,2006.74
2022년07월28일,2179.14,1916.88,1998.46
2022년07월29일,2170.66,1907.31,1991.04
2022년07월30일,2165.04,1900.44,1985.32
2022년07월31일,2163.57,1897.27,1982.61
2022년08월01일,2160.24,1889.82,1976.46
2022년08월02일,2155.63,1881.75,1969.64
2022년08월03일,2146.24,1874.05,1963.18
2022년08월04일,2138.96,1866.41,1956.93
2022년08월05일,2131.94,1859.17,1950.56
2022년08월06일,2124.43,1852.00,1944.14
2022년08월07일,2122.37,1848.83,1941.43
2022년08월08일,2119.73,1842.61,1935.96
2022년08월09일,2110.12,1834.04,1928.20
2022년08월10일,2102.05,1825.12,1920.46
2022년08월11일,2094.30,1815.48,1911.58
2022년08월12일,2087.40,1805.86,1902.96
2022년08월13일,2079.78,1797.86,1895.71
2022년08월14일,2077.38,1794.06,1892.04
2022년08월15일,2075.25,1789.04,1887.53
2022년08월16일,2071.59,1781.36,1880.12
2022년08월17일,2063.63,1771.95,1870.89
2022년08월18일,2057.27,1764.38,1863.53
2022년08월19일,2050.95,1757.86,1857.23
2022년08월20일,2046.78,1753.37,1852.84
2022년08월21일,2045.18,1751.21,1850.59
2022년08월22일,2041.99,1746.84,1846.57
2022년08월23일,2038.19,1742.37,1842.27
2022년08월24일,2035.49,1739.85,1839.79
2022년08월25일,2034.59,1738.54,1838.60
2022년08월26일,2033.17,1737.77,1838.58
2022년08월27일,2031.17,1738.00,1838.82
2022년08월28일,2031.36,1738.06,1839.07
2022년08월29일,2032.54,1738.53,1840.79
2022년08월30일,2032.52,1740.46,1845.33
2022년08월31일,2032.98,1741.71,1847.37
2022년09월01일,2033.17,1742.51,1850.30
2022년09월02일,2032.51,1742.01,1850.70
2022년09월03일,2030.60,1741.46,1850.67
2022년09월04일,2031.59,1741.41,1850.76
2022년09월05일,2032.85,1741.49,1851.27
2022년09월06일,2032.40,1741.42,1851.76
2022년09월07일,2031.53,1740.99,1852.57
2022년09월08일,2030.33,1740.61,1853.89
2022년09월09일,2028.11,1740.42,1854.92
2022년09월10일,2026.69,1740.44,1855.39
2022년09월11일,2026.31,1740.46,1855.82
2022년09월12일,2027.06,1740.15,1856.09
2022년09월13일,2026.87,1740.54,1857.38
2022년09월14일,2025.91,1740.38,1858.63
2022년09월15일,2025.44,1740.34,1860.41
2022년09월16일,2024.43,1739.33,1860.74
2022년09월17일,2021.46,1737.72,1859.89
2022년09월18일,2021.20,1736.95,1859.21
2022년09월19일,2021.26,1735.73,1858.61
2022년09월20일,2018.87,1731.92,1855.12
2022년09월21일,2014.17,1728.37,1852.35
2022년09월22일,2009.60,1724.95,1849.76
2022년09월23일,2006.07,1721.16,1847.31
2022년09월24일,2000.62,1717.19,1844.45
2022년09월25일,1999.46,1715.25,1843.21
2022년09월26일,1997.82,1711.53,1841.00
2022년09월27일,1992.78,1705.43,1836.98
2022년09월28일,1985.71,1698.78,1832.33
2022년09월29일,1980.76,1693.28,1828.79
2022년09월30일,1975.55,1688.30,1826.08
2022년10월01일,1970.44,1682.04,1822.01
2022년10월02일,1969.24,1679.84,1820.55
2022년10월03일,1969.57,1677.55,1820.83
2022년10월04일,1967.50,1674.38,1817.56
2022년10월05일,1963.90,1670.62,1815.63
2022년10월06일,1960.07,1667.41,1814.62
2022년10월07일,1957.46,1665.76,1814.91
2022년10월08일,1955.75,1665.86,1818.57
2022년10월09일,1955.99,1666.13,1819.99
2022년10월10일,1956.76,1666.45,1821.74
2022년10월11일,1957.15,1666.75,1824.45
2022년10월12일,1956.83,1666.94,1828.00
2022년10월13일,1955.80,1666.38,1829.54
2022년10월14일,1955.22,1666.05,1831.43
2022년10월15일,1954.53,1665.73,1833.69
2022년10월16일,1954.68,1665.72,1834.59
2022년10월17일,1955.53,1665.72,1836.93
2022년10월18일,1955.72,1665.76,1840.19
2022년10월19일,1954.13,1665.55,1842.90
2022년10월20일,1952.86,1665.21,1845.50
2022년10월21일,1951.99,1664.67,1848.77
2022년10월22일,1950.24,1664.21,1851.64
2022년10월23일,1949.83,1664.02,1852.77
2022년10월24일,1950.71,1664.11,1855.46
2022년10월25일,1950.07,1663.71,1857.96
2022년10월26일,1948.82,1663.17,1860.07
2022년10월27일,1948.56,1662.31,1862.40
2022년10월28일,1947.93,1661.71,1864.82
2022년10월29일,1946.17,1661.04,1866.42
2022년10월30일,1945.75,1660.71,1867.15
2022년10월31일,1947.01,1660.70,1869.29
2022년11월01일,1945.99,1659.88,1872.05
2022년11월02일,1944.18,1659.38,1874.01
2022년11월03일,1943.64,1658.83,1875.90
2022년11월04일,1943.05,1658.32,1877.64
2022년11월05일,1941.61,1658.37,1879.39
2022년11월06일,1941.61,1658.55,1880.35
2022년11월07일,1942.36,1659.06,1882.50
2022년11월08일,1943.60,1659.71,1884.76
2022년11월09일,1944.07,1660.32,1886.64
2022년11월10일,1943.09,1660.34,1888.00
2022년11월11일,1942.76,1660.10,1888.77
2022년11월12일,1941.56,1659.78,1888.93
2022년11월13일,1941.60,1659.71,1888.94
2022년11월14일,1942.46,1659.64,1889.59
2022년11월15일,1942.22,1659.03,1889.11
2022년11월16일,1941.42,1658.13,1888.55
2022년11월17일,1941.50,1656.78,1887.80
2022년11월18일,1938.66,1654.03,1885.62
2022년11월19일,1935.13,1651.56,1883.82
2022년11월20일,1934.84,1650.45,1882.96
2022년11월21일,1934.21,1648.35,1881.58
2022년11월22일,1932.01,1644.75,1878.67
2022년11월23일,1929.17,1641.01,1875.66
2022년11월24일,1925.76,1637.77,1872.86
2022년11월25일,1923.41,1634.66,1870.27
2022년11월26일,1920.41,1632.12,1867.75
2022년11월27일,1919.54,1630.83,1866.63
2022년11월28일,1920.12,1628.36,1864.46
2022년11월29일,1918.55,1625.83,1861.70
2022년11월30일,1918.09,1623.90,1859.63
2022년12월01일,1918.46,1622.12,1857.47
2022년12월02일,1916.65,1620.84,1855.96
2022년12월03일,1915.90,1619.61,1854.52
2022년12월04일,1915.58,1618.48,1853.31
2022년12월05일,1914.24,1615.99,1850.98
2022년12월06일,1911.24,1612.26,1847.19
2022년12월07일,1908.44,1607.58,1842.17
2022년12월08일,1904.31,1601.20,1835.07
2022년12월09일,1896.99,1593.80,1827.11
2022년12월10일,1891.17,1586.79,1818.45
2022년12월11일,1889.31,1583.59,1814.71
2022년12월12일,1883.22,1576.99,1807.38
2022년12월13일,1872.56,1567.85,1796.67
2022년12월14일,1864.98,1561.08,1787.99
2022년12월15일,1858.79,1554.87,1779.25
2022년12월16일,1854.41,1549.40,1771.37
2022년12월17일,1848.14,1545.18,1764.37
2022년12월18일,1846.57,1543.39,1761.56
2022년12월19일,1845.68,1540.27,1756.43
2022년12월20일,1841.24,1536.77,1751.89
2022년12월21일,1837.49,1534.17,1745.51
2022년12월22일,1834.38,1531.87,1741.37
2022년12월23일,1832.20,1530.29,1738.09
2022년12월24일,1830.78,1529.34,1735.31
2022년12월25일,1830.19,1528.58,1733.82
2022년12월26일,1829.38,1527.32,1731.44
2022년12월27일,1828.79,1526.31,1728.14
2022년12월28일,1827.85,1526.05,1725.84
2022년12월29일,1827.17,1526.34,1724.28
2022년12월30일,1826.98,1527.57,1722.77
2022년12월31일,1827.74,1530.70,1721.76
2023년01월01일,1834.63,1541.67,1720.97
2023년01월02일,1847.27,1550.17,1720.21
2023년01월03일,1850.73,1555.82,1719.06
2023년01월04일,1852.78,1558.81,1717.13
2023년01월05일,1861.23,1561.29,1713.57
2023년01월06일,1861.42,1561.45,1710.43
2023년01월07일,1860.85,1561.87,1704.48
2023년01월08일,1865.79,1562.86,1702.48
2023년01월09일,1866.31,1563.17,1698.52
2023년01월10일,1864.07,1562.41,1692.23
2023년01월11일,1861.55,1561.36,1685.25
2023년01월12일,1857.36,1560.23,1679.22
2023년01월13일,1854.23,1559.72,1674.32
2023년01월14일,1851.23,1559.31,1670.38
2023년01월15일,1850.77,1559.37,1668.62
2023년01월16일,1851.40,1559.83,1666.13
2023년01월17일,1850.62,1560.00,1662.31
2023년01월18일,1849.25,1560.40,1659.03
2023년01월19일,1848.82,1561.19,1656.83
2023년01월20일,1848.19,1562.93,1654.96
2023년01월21일,1846.78,1564.54,1653.45
2023년01월22일,1847.24,1565.65,1653.11
2023년01월23일,1847.80,1566.33,1652.69
2023년01월24일,1847.55,1567.01,1652.10
2023년01월25일,1849.77,1568.09,1651.76
2023년01월26일,1849.80,1569.67,1651.15
2023년01월27일,1850.99,1571.20,1650.52
2023년01월28일,1850.46,1572.25,1649.66
2023년01월29일,1850.32,1572.77,1649.10
2023년01월30일,1851.65,1574.35,1649.16
2023년01월31일,1853.08,1575.41,1648.44
2023년02월01일,1854.30,1577.03,1646.96
2023년02월02일,1855.83,1578.42,1645.14
2023년02월03일,1856.46,1579.34,1643.39
2023년02월04일,1856.02,1579.56,1641.23
2023년02월05일,1856.20,1579.58,1639.92
2023년02월06일,1857.37,1579.69,1638.06
2023년02월07일,1856.03,1578.96,1633.74
2023년02월08일,1854.22,1577.74,1628.41
2023년02월09일,1853.36,1577.06,1623.81
2023년02월10일,1853.17,1576.84,1620.20
2023년02월11일,1851.52,1576.60,1617.10
2023년02월12일,1851.44,1576.72,1615.58
2023년02월13일,1852.59,1577.00,1613.09
2023년02월14일,1853.77,1577.33,1608.89
2023년02월15일,1853.60,1577.60,1605.31
2023년02월16일,1853.04,1577.98,1601.79
2023년02월17일,1851.89,1578.47,1598.09
2023년02월18일,1850.72,1578.51,1594.00
2023년02월19일,1850.83,1578.56,1592.13
2023년02월20일,1851.71,1579.06,1589.12
2023년02월21일,1851.38,1579.09,1584.87
2023년02월22일,1851.08,1579.20,1581.07
2023년02월23일,1851.28,1579.33,1577.10
2023년02월24일,1850.69,1579.35,1573.11
2023년02월25일,1849.53,1579.33,1569.92
2023년02월26일,1849.05,1579.53,1568.22
2023년02월27일,1850.49,1579.96,1566.21
2023년02월28일,1850.07,1580.09,1563.29
2023년03월01일,1849.56,1580.36,1558.86
2023년03월02일,1850.18,1580.84,1556.43
2023년03월03일,1850.16,1582.39,1552.27
2023년03월04일,1850.06,1582.59,1552.13
2023년03월05일,1850.76,1583.16,1551.21
2023년03월06일,1851.78,1584.47,1550.65
2023년03월07일,1851.79,1586.94,1549.96
2023년03월08일,1853.53,1589.09,1549.57
2023년03월09일,1854.25,1591.20,1548.95
2023년03월10일,1854.22,1592.73,1548.40
2023년03월11일,1854.33,1593.93,1547.61
2023년03월12일,1854.83,1594.55,1547.14
2023년03월13일,1856.14,1595.77,1547.39
2023년03월14일,1857.62,1597.32,1546.70
2023년03월15일,1858.23,1598.08,1545.59
2023년03월16일,1857.85,1598.27,1544.07
2023년03월17일,1857.72,1598.36,1542.55
2023년03월18일,1856.96,1597.43,1539.92
2023년03월19일,1856.97,1597.40,1538.75
2023년03월20일,1858.09,1597.36,1537.61
2023년03월21일,1858.12,1596.54,1534.79
2023년03월22일,1857.37,1595.59,1531.64
2023년03월23일,1856.74,1594.91,1528.85
2023년03월24일,1857.37,1594.43,1527.06
2023년03월25일,1856.01,1593.95,1525.16
2023년03월26일,1856.13,1593.76,1524.14
2023년03월27일,1857.16,1593.79,1523.17
2023년03월28일,1857.00,1593.51,1521.51
2023년03월29일,1856.87,1593.48,1520.39
2023년03월30일,1856.99,1593.51,1519.61
2023년03월31일,1858.05,1594.02,1519.08
2023년04월01일,1857.20,1594.59,1518.39
2023년04월02일,1857.23,1594.97,1517.94
2023년04월03일,1859.28,1596.33,1518.65
2023년04월04일,1861.43,1599.92,1520.42
2023년04월05일,1865.80,1604.38,1522.59
2023년04월06일,1870.28,1608.84,1524.51
2023년04월07일,1874.59,1613.75,1526.74
2023년04월08일,1876.54,1618.20,1528.41
2023년04월09일,1877.36,1620.69,1529.23
2023년04월10일,1882.00,1625.25,1531.87
2023년04월11일,1886.58,1631.53,1534.54
2023년04월12일,1890.00,1636.56,1536.79
2023년04월13일,1891.96,1641.57,1538.99
2023년04월14일,1895.79,1646.78,1541.45
2023년04월15일,1897.53,1650.95,1542.82
2023년04월16일,1898.42,1652.99,1543.61
2023년04월17일,1901.99,1656.90,1545.81
2023년04월18일,1906.72,1661.02,1547.22
2023년04월19일,1909.23,1663.28,1547.54
2023년04월20일,1910.67,1664.69,1547.22
2023년04월21일,1911.64,1665.11,1546.47
2023년04월22일,1910.89,1665.21,1545.18
2023년04월23일,1911.13,1665.32,1544.66
2023년04월24일,1912.22,1665.63,1544.10
2023년04월25일,1912.25,1665.40,1542.47
2023년04월26일,1911.70,1664.85,1540.75
2023년04월27일,1911.51,1664.38,1538.79
2023년04월28일,1911.04,1663.56,1536.21
2023년04월29일,1909.43,1662.90,1534.15
2023년04월30일,1909.40,1662.79,1533.53
2023년05월01일,1909.57,1662.48,1532.25
2023년05월02일,1909.70,1662.00,1530.74
2023년05월03일,1908.13,1660.30,1527.07
2023년05월04일,1907.20,1658.41,1523.50
2023년05월05일,1904.10,1655.88,1518.52
2023년05월06일,1904.21,1654.75,1516.28
2023년05월07일,1903.80,1654.10,1514.91
2023년05월08일,1903.94,1652.65,1511.95
2023년05월09일,1900.48,1649.47,1506.13
2023년05월10일,1899.07,1646.12,1500.50
2023년05월11일,1897.57,1642.41,1494.38
2023년05월12일,1895.17,1638.59,1488.00
2023년05월13일,1893.15,1635.28,1482.61
2023년05월14일,1892.56,1634.13,1480.29
2023년05월15일,1892.06,1631.17,1475.17
2023년05월16일,1888.36,1627.13,1468.11
2023년05월17일,1886.64,1623.64,1462.36
2023년05월18일,1884.96,1620.70,1457.55
2023년05월19일,1882.09,1617.20,1452.05
2023년05월20일,1879.02,1614.67,1448.03
2023년05월21일,1878.45,1613.79,1446.11
2023년05월22일,1878.89,1611.88,1443.05
2023년05월23일,1877.29,1609.41,1438.80
2023년05월24일,1876.28,1607.22,1435.21
2023년05월25일,1875.06,1605.29,1431.79
2023년05월26일,1873.98,1603.52,1429.02
2023년05월27일,1871.05,1601.70,1425.82
2023년05월28일,1870.69,1601.16,1424.71
2023년05월29일,1871.36,1600.67,1423.87
2023년05월30일,1870.89,1599.59,1422.28
2023년05월31일,1870.44,1598.10,1420.03
2023년06월01일,1868.23,1595.29,1415.52
2023년06월02일,1866.43,1593.28,1412.71
2023년06월03일,1863.11,1591.23,1409.89
2023년06월04일,1862.51,1590.68,1408.66
2023년06월05일,1863.98,1590.06,1407.99
2023년06월06일,1863.69,1589.04,1406.22
2023년06월07일,1863.64,1588.04,1404.82
2023년06월08일,1862.36,1586.75,1402.80
2023년06월09일,1861.50,1585.82,1401.31
2023년06월10일,1859.83,1584.79,1399.69
2023년06월11일,1859.65,1584.46,1398.96
2023년06월12일,1860.52,1583.99,1398.40
2023년06월13일,1859.77,1582.58,1396.52
2023년06월14일,1858.71,1581.01,1394.46
2023년06월15일,1857.58,1579.85,1392.98
2023년06월16일,1856.03,1578.45,1391.28
2023년06월17일,1854.54,1577.61,1389.86
2023년06월18일,1854.29,1577.33,1389.19
2023년06월19일,1854.82,1576.80,1388.98
2023년06월20일,1854.03,1575.72,1387.72
2023년06월21일,1853.32,1574.90,1386.45
2023년06월22일,1852.82,1574.15,1385.70
2023년06월23일,1852.44,1573.52,1385.12
2023년06월24일,1850.87,1572.97,1384.07
2023년06월25일,1850.44,1572.75,1383.65
2023년06월26일,1851.83,1572.73,1383.50
2023년06월27일,1851.24,1572.08,1382.90
2023년06월28일,1851.12,1571.56,1382.11
2023년06월29일,1850.96,1571.13,1381.56
2023년06월30일,1850.34,1570.70,1381.17
2023년07월01일,1848.55,1569.79,1379.99
2023년07월02일,1848.49,1569.52,1379.44
2023년07월03일,1848.96,1569.43,1379.61
2023년07월04일,1848.94,1569.16,1379.09
2023년07월05일,1848.45,1569.00,1378.91
2023년07월06일,1848.21,1568.88,1378.61
2023년07월07일,1848.15,1569.23,1379.07
2023년07월08일,1847.42,1569.71,1379.47
2023년07월09일,1847.51,1570.00,1379.53
2023년07월10일,1848.73,1571.07,1380.74
2023년07월11일,1849.17,1572.03,1381.71
2023년07월12일,1849.98,1573.08,1383.34
2023년07월13일,1850.48,1574.55,1384.80
2023년07월14일,1851.43,1576.89,1387.20
2023년07월15일,1851.13,1578.77,1389.39
2023년07월16일,1851.60,1579.82,1390.35
2023년07월17일,1853.20,1581.74,1392.71
2023년07월18일,1855.38,1583.72,1394.77
2023년07월19일,1857.15,1585.45,1396.95
2023년07월20일,1857.63,1587.55,1399.58
2023년07월21일,1858.51,1589.76,1402.10
2023년07월22일,1859.11,1591.77,1403.99
2023년07월23일,1859.79,1592.85,1404.85
2023년07월24일,1862.55,1595.36,1407.77
2023년07월25일,1865.83,1598.62,1411.16
2023년07월26일,1868.13,1602.74,1415.32
2023년07월27일,1869.90,1607.11,1419.93
2023년07월28일,1874.45,1612.76,1425.59
2023년07월29일,1880.02,1619.33,1431.45
2023년07월30일,1881.78,1622.78,1434.38
2023년07월31일,1884.53,1627.38,1439.18
2023년08월01일,1894.91,1638.23,1450.36
2023년08월02일,1901.36,1647.72,1460.58
2023년08월03일,1910.23,1658.01,1472.50
2023년08월04일,1916.38,1667.53,1484.58
2023년08월05일,1921.81,1676.64,1496.74
2023년08월06일,1924.63,1681.14,1502.55
2023년08월07일,1928.81,1687.86,1512.45
2023년08월08일,1933.80,1696.23,1527.48
2023년08월09일,1938.53,1702.56,1539.41
2023년08월10일,1941.98,1707.13,1548.16
2023년08월11일,1948.06,1712.63,1559.17
2023년08월12일,1952.02,1717.67,1568.97
2023년08월13일,1954.01,1720.21,1573.66
2023년08월14일,1958.53,1724.31,1581.61
2023년08월15일,1961.76,1728.56,1589.29
2023년08월16일,1964.01,1731.34,1595.50
2023년08월17일,1968.27,1734.19,1601.41
2023년08월18일,1969.97,1736.09,1606.03
2023년08월19일,1970.05,1737.56,1609.58
2023년08월20일,1970.61,1738.29,1611.37
2023년08월21일,1972.85,1739.72,1614.83
2023년08월22일,1974.17,1741.16,1618.29
2023년08월23일,1975.94,1742.16,1621.28
2023년08월24일,1976.08,1742.59,1622.94
2023년08월25일,1977.38,1742.95,1624.63
2023년08월26일,1977.47,1743.29,1625.98
2023년08월27일,1977.62,1743.57,1626.59
2023년08월28일,1979.15,1744.19,1628.23
2023년08월29일,1980.14,1745.23,1630.41
2023년08월30일,1980.62,1745.65,1631.95
2023년08월31일,1981.43,1746.07,1632.95
2023년09월01일,1983.51,1747.13,1635.25
2023년09월02일,1982.11,1747.70,1636.43
2023년09월03일,1982.61,1748.15,1637.07
2023년09월04일,1984.10,1748.95,1638.62
2023년09월05일,1985.22,1749.90,1640.25
2023년09월06일,1986.25,1750.77,1642.31
2023년09월07일,1987.17,1752.15,1644.66
2023년09월08일,1988.03,1753.64,1646.94
2023년09월09일,1987.87,1755.10,1648.81
2023년09월10일,1988.33,1756.02,1649.90
2023년09월11일,1989.93,1757.58,1652.38
2023년09월12일,1992.69,1759.40,1655.12
2023년09월13일,1994.20,1761.41,1658.12
2023년09월14일,1995.85,1763.46,1660.96
2023년09월15일,1997.74,1766.40,1664.78
2023년09월16일,1999.12,1769.09,1668.01
2023년09월17일,1998.95,1770.28,1669.35
2023년09월18일,2001.77,1772.99,1672.87
2023년09월19일,2006.11,1776.84,1677.59
2023년09월20일,2008.05,1779.75,1680.89
2023년09월21일,2009.56,1781.68,1683.28
2023년09월22일,2012.13,1783.61,1685.66
2023년09월23일,2012.62,1785.21,1687.48
2023년09월24일,2013.32,1786.26,1688.56
2023년09월25일,2015.21,1788.05,1690.88
2023년09월26일,2016.40,1789.63,1692.69
2023년09월27일,2018.36,1791.29,1694.80
2023년09월28일,2018.89,1793.26,1696.81
2023년09월29일,2019.34,1794.41,1697.71
2023년09월30일,2018.69,1794.66,1698.02
2023년10월01일,2019.24,1795.22,1698.67
2023년10월02일,2019.97,1796.17,1699.64
2023년10월03일,2019.17,1796.25,1699.92
2023년10월04일,2020.34,1796.38,1701.16
2023년10월05일,2019.95,1795.91,1701.32
2023년10월06일,2018.64,1793.82,1700.21
2023년10월07일,2017.15,1791.71,1698.57
2023년10월08일,2017.10,1790.73,1697.65
2023년10월09일,2017.36,1790.08,1697.40
2023년10월10일,2017.34,1789.18,1696.84
2023년10월11일,2015.47,1786.89,1695.51
2023년10월12일,2014.28,1784.72,1694.19
2023년10월13일,2012.81,1781.79,1692.61
2023년10월14일,2010.72,1779.47,1691.18
2023년10월15일,2010.41,1778.68,1690.63
2023년10월16일,2010.83,1777.56,1690.58
2023년10월17일,2008.78,1775.06,1689.39
2023년10월18일,2008.04,1772.84,1688.47
2023년10월19일,2007.13,1771.04,1687.55
2023년10월20일,2006.07,1769.39,1686.94
2023년10월21일,2004.41,1767.74,1686.19
2023년10월22일,2004.29,1767.17,1685.83
2023년10월23일,2004.51,1766.30,1685.87
2023년10월24일,2003.42,1764.26,1684.84
2023년10월25일,2001.93,1761.55,1683.72
2023년10월26일,1999.93,1758.33,1682.13
2023년10월27일,1997.03,1754.98,1680.56
2023년10월28일,1994.53,1752.31,1679.05
2023년10월29일,1994.26,1751.43,1678.57
2023년10월30일,1994.60,1749.83,1678.22
2023년10월31일,1992.51,1747.06,1676.81
2023년11월01일,1990.57,1742.31,1674.06
2023년11월02일,1987.93,1738.21,1671.90
2023년11월03일,1984.63,1733.97,1669.63
2023년11월04일,1981.67,1730.38,1667.34
2023년11월05일,1980.80,1728.69,1666.35
2023년11월06일,1980.49,1725.83,1665.02
2023년11월07일,1977.02,1721.01,1662.30
2023년11월08일,1973.14,1715.73,1659.13
2023년11월09일,1969.14,1709.48,1654.42
2023년11월10일,1963.87,1703.13,1649.54
2023년11월11일,1960.96,1697.77,1644.71
2023년11월12일,1959.89,1695.93,1642.90
2023년11월13일,1958.93,1691.87,1639.77
2023년11월14일,1954.23,1685.73,1634.11
2023년11월15일,1950.74,1680.63,1629.52
2023년11월16일,1946.37,1676.26,1625.31
2023년11월17일,1943.10,1672.30,1620.97
2023년11월18일,1940.07,1668.84,1617.47
2023년11월19일,1939.18,1667.51,1615.80
2023년11월20일,1938.82,1664.78,1613.14
2023년11월21일,1934.95,1659.12,1606.50
2023년11월22일,1932.75,1656.54,1604.08
2023년11월23일,1929.23,1652.96,1599.59
2023년11월24일,1926.52,1649.56,1595.82
2023년11월25일,1923.00,1647.05,1592.69
2023년11월26일,1922.67,1645.97,1590.93
2023년11월27일,1922.48,1643.95,1588.73
2023년11월28일,1919.75,1641.03,1584.98
2023년11월29일,1916.51,1638.49,1581.53
2023년11월30일,1914.72,1636.75,1578.74
2023년12월01일,1912.35,1634.18,1575.30
2023년12월02일,1909.92,1632.42,1572.74
2023년12월03일,1909.46,1631.71,1571.37
2023년12월04일,1908.65,1629.96,1568.98
2023년12월05일,1904.61,1626.70,1564.05
2023년12월06일,1901.83,1623.79,1559.64
2023년12월07일,1898.97,1620.78,1554.89
2023년12월08일,1895.31,1617.44,1550.00
2023년12월09일,1892.38,1614.50,1545.93
2023년12월10일,1891.79,1613.41,1544.09
2023년12월11일,1891.09,1611.22,1540.52
2023년12월12일,1886.68,1606.83,1534.59
2023년12월13일,1882.50,1602.56,1529.15
2023년12월14일,1880.17,1599.08,1524.42
2023년12월15일,1877.09,1595.98,1520.04
2023년12월16일,1874.27,1593.35,1516.46
2023년12월17일,1873.89,1592.50,1515.14
2023년12월18일,1873.62,1590.61,1512.61
2023년12월19일,1871.34,1587.97,1508.88
2023년12월20일,1869.57,1586.30,1506.42
2023년12월21일,1869.01,1585.23,1504.71
2023년12월22일,1867.96,1584.81,1503.91
2023년12월23일,1866.11,1584.02,1502.55
2023년12월24일,1865.77,1583.69,1501.79
2023년12월25일,1866.63,1583.53,1501.33
2023년12월26일,1866.41,1582.63,1500.25
2023년12월27일,1865.52,1581.89,1499.03
2023년12월28일,1864.72,1581.22,1498.23
2023년12월29일,1864.05,1580.53,1497.25
2023년12월30일,1862.62,1579.61,1495.66
2023년12월31일,1862.17,1579.31,1495.21
2024년01월01일,1862.82,1578.54,1493.91
2024년01월02일,1862.40,1577.46,1492.73
2024년01월03일,1861.02,1575.89,1490.43
2024년01월04일,1859.51,1574.52,1488.53
2024년01월05일,1858.96,1573.43,1487.12
2024년01월06일,1856.82,1572.33,1485.60
2024년01월07일,1856.56,1572.02,1484.93
2024년01월08일,1857.02,1571.71,1484.69
2024년01월09일,1855.84,1570.46,1482.92
2024년01월10일,1854.85,1569.02,1481.13
2024년01월11일,1853.08,1567.64,1479.42
2024년01월12일,1851.73,1566.47,1477.97
2024년01월13일,1850.03,1565.39,1476.52
2024년01월14일,1850.05,1565.13,1475.79
2024년01월15일,1850.41,1564.94,1475.69
2024년01월16일,1850.24,1564.38,1474.92
2024년01월17일,1849.68,1563.41,1473.81
2024년01월18일,1849.51,1563.03,1473.13
2024년01월19일,1848.98,1562.66,1472.88
2024년01월20일,1847.45,1562.40,1472.23
2024년01월21일,1847.70,1562.41,1471.83
2024년01월22일,1848.98,1562.78,1472.33
2024년01월23일,1849.34,1563.30,1472.73
2024년01월24일,1849.69,1564.19,1473.44
2024년01월25일,1850.30,1565.87,1474.84
2024년01월26일,1851.02,1567.91,1476.59
2024년01월27일,1851.88,1570.95,1479.00
2024년01월28일,1852.66,1572.19,1479.93
2024년01월29일,1855.41,1575.09,1482.78
2024년01월30일,1859.17,1578.88,1485.69
2024년01월31일,1863.69,1582.27,1488.71
2024년02월01일,1868.35,1586.46,1492.46
2024년02월02일,1869.89,1589.01,1494.65
2024년02월03일,1869.94,1591.03,1496.17
2024년02월04일,1870.61,1592.01,1496.80
2024년02월05일,1873.32,1594.10,1498.80
2024년02월06일,1874.17,1596.46,1501.49
2024년02월07일,1874.35,1598.37,1503.02
2024년02월08일,1875.38,1600.73,1504.95
2024년02월09일,1876.35,1603.53,1507.24
2024년02월10일,1876.29,1604.84,1508.21
2024년02월11일,1875.98,1605.81,1508.97
2024년02월12일,1876.51,1606.65,1509.79
2024년02월13일,1877.78,1608.44,1511.70
2024년02월14일,1880.08,1611.70,1514.78
2024년02월15일,1881.77,1614.90,1517.99
2024년02월16일,1883.33,1618.00,1521.15
2024년02월17일,1885.15,1620.92,1523.81
2024년02월18일,1886.27,1622.32,1524.81
2024년02월19일,1888.85,1625.02,1527.80
2024년02월20일,1890.45,1627.74,1530.36
2024년02월21일,1891.52,1629.43,1531.75
2024년02월22일,1892.59,1630.89,1533.00
2024년02월23일,1895.09,1632.41,1534.43
2024년02월24일,1894.80,1633.29,1535.15
2024년02월25일,1894.98,1633.74,1535.47
2024년02월26일,1896.25,1634.84,1536.69
2024년02월27일,1896.56,1635.57,1537.39
2024년02월28일,1896.84,1636.15,1537.92
2024년02월29일,1897.09,1636.72,1538.27
2024년03월01일,1897.28,1637.44,1538.71
2024년03월02일,1896.23,1637.74,1538.85
2024년03월03일,1896.22,1638.10,1539.03
2024년03월04일,1897.99,1638.95,1540.04
2024년03월05일,1898.33,1639.39,1540.41
2024년03월06일,1898.43,1639.52,1540.52
2024년03월07일,1898.77,1639.47,1540.55
2024년03월08일,1898.25,1639.52,1540.40
2024년03월09일,1896.83,1639.18,1540.00
2024년03월10일,1897.33,1639.26,1539.86
2024년03월11일,1898.36,1639.59,1540.23
2024년03월12일,1898.16,1639.44,1539.94
2024년03월13일,1898.03,1638.99,1539.49
2024년03월14일,1897.44,1638.50,1539.10
2024년03월15일,1896.97,1638.33,1538.84
2024년03월16일,1896.05,1637.92,1538.40
2024년03월17일,1895.73,1637.88,1538.09
2024년03월18일,1896.92,1638.22,1538.60
2024년03월19일,1896.96,1637.78,1537.93
2024년03월20일,1897.35,1638.05,1538.10
2024년03월21일,1897.59,1638.31,1538.15
2024년03월22일,1897.59,1638.66,1538.30
2024년03월23일,1896.24,1638.43,1537.77
2024년03월24일,1896.50,1638.46,1537.60
2024년03월25일,1897.94,1638.97,1538.26
2024년03월26일,1899.24,1639.57,1538.26
2024년03월27일,1899.44,1640.07,1538.43
2024년03월28일,1899.93,1640.44,1538.28
2024년03월29일,1901.68,1641.08,1538.45
2024년03월30일,1901.12,1642.15,1538.70
2024년03월31일,1901.43,1642.77,1538.86
2024년04월01일,1903.87,1644.42,1539.66
2024년04월02일,1904.92,1645.97,1540.12
2024년04월03일,1907.33,1648.70,1540.52
2024년04월04일,1911.05,1652.94,1541.82
2024년04월05일,1916.27,1658.16,1543.91
2024년04월06일,1918.00,1662.55,1545.69
2024년04월07일,1919.18,1665.23,1546.75
2024년04월08일,1922.75,1669.72,1549.48
2024년04월09일,1924.77,1674.74,1552.18
2024년04월10일,1926.32,1677.48,1553.70
2024년04월11일,1927.24,1679.08,1554.39
2024년04월12일,1928.46,1682.28,1556.11
2024년04월13일,1929.76,1685.38,1557.37
2024년04월14일,1930.78,1687.39,1558.27
2024년04월15일,1933.90,1691.52,1560.77
2024년04월16일,1938.80,1695.55,1562.85
2024년04월17일,1942.53,1699.10,1564.39
2024년04월18일,1944.93,1701.69,1565.48
2024년04월19일,1946.96,1704.14,1566.31
2024년04월20일,1948.57,1705.67,1566.46
2024년04월21일,1949.46,1706.47,1566.61
2024년04월22일,1950.18,1707.25,1566.71
2024년04월23일,1950.47,1708.08,1566.58
2024년04월24일,1950.60,1709.56,1566.85
2024년04월25일,1952.42,1710.47,1566.90
2024년04월26일,1953.17,1711.28,1566.87
2024년04월27일,1952.80,1711.59,1566.52
2024년04월28일,1953.09,1711.94,1566.42
2024년04월29일,1954.01,1712.73,1566.79
2024년04월30일,1954.18,1712.97,1566.61
2024년05월01일,1955.16,1713.47,1565.91
2024년05월02일,1955.01,1713.56,1565.53
2024년05월03일,1955.01,1713.39,1564.75
2024년05월04일,1950.70,1712.67,1563.41
2024년05월05일,1950.68,1712.64,1562.77
2024년05월06일,1951.42,1712.71,1562.47
2024년05월07일,1953.20,1712.20,1561.64
2024년05월08일,1951.91,1711.12,1559.69
2024년05월09일,1951.58,1709.94,1557.31
2024년05월10일,1950.46,1708.38,1555.02
2024년05월11일,1946.78,1706.80,1552.59
2024년05월12일,1946.47,1706.13,1551.45
2024년05월13일,1949.24,1704.93,1549.40
2024년05월14일,1948.07,1702.60,1546.05
2024년05월15일,1947.35,1701.02,1543.62
2024년05월16일,1945.82,1699.61,1541.71
2024년05월17일,1944.90,1697.68,1539.03
2024년05월18일,1940.76,1695.33,1535.89
2024년05월19일,1940.47,1694.71,1534.76
2024년05월20일,1943.09,1693.51,1532.88
2024년05월21일,1941.43,1691.17,1529.50
2024년05월22일,1939.89,1688.97,1526.39
2024년05월23일,1938.66,1686.59,1523.07
2024년05월24일,1936.97,1684.41,1520.09
2024년05월25일,1932.97,1682.55,1517.61
2024년05월26일,1932.44,1681.77,1516.36
2024년05월27일,1934.70,1680.48,1514.70
2024년05월28일,1933.26,1678.28,1511.65
2024년05월29일,1931.81,1676.54,1509.36
2024년05월30일,1931.07,1675.12,1507.42
2024년05월31일,1930.14,1673.58,1505.54
2024년06월01일,1926.30,1671.21,1502.62
2024년06월02일,1925.71,1670.58,1501.70
2024년06월03일,1927.49,1669.55,1500.45
2024년06월04일,1925.85,1667.38,1497.91
2024년06월05일,1923.68,1664.71,1495.01
2024년06월06일,1921.09,1662.43,1492.49
2024년06월07일,1920.24,1660.88,1490.85
2024년06월08일,1916.06,1658.98,1488.70
2024년06월09일,1915.26,1658.24,1487.65
2024년06월10일,1917.76,1657.02,1486.14
2024년06월11일,1915.39,1654.69,1483.48
2024년06월12일,1913.20,1652.63,1481.37
2024년06월13일,1912.20,1651.20,1480.16
2024년06월14일,1911.38,1649.93,1479.12
2024년06월15일,1910.63,1649.44,1478.58
2024년06월16일,1910.41,1649.11,1478.02
2024년06월17일,1910.81,1648.75,1477.93
2024년06월18일,1910.80,1648.30,1477.68
2024년06월19일,1912.09,1648.55,1478.00
2024년06월20일,1912.28,1648.89,1478.52
2024년06월21일,1912.31,1649.48,1479.38
2024년06월22일,1911.62,1650.95,1480.94
2024년06월23일,1911.99,1651.44,1481.58
2024년06월24일,1913.61,1653.06,1483.55
2024년06월25일,1914.54,1654.90,1486.02
2024년06월26일,1916.36,1657.26,1488.69
2024년06월27일,1918.44,1660.17,1491.92
2024년06월28일,1920.09,1663.14,1495.18
2024년06월29일,1921.02,1667.38,1499.60
2024년06월30일,1922.99,1670.76,1502.88
2024년07월01일,1928.15,1679.05,1511.73
2024년07월02일,1930.37,1683.42,1516.22
2024년07월03일,1931.56,1686.19,1519.53
2024년07월04일,1944.72,1691.72,1524.84
2024년07월05일,1948.44,1695.76,1528.95
2024년07월06일,1950.78,1699.45,1532.71
2024년07월07일,1952.04,1701.08,1534.33
2024년07월08일,1955.63,1704.71,1538.36
2024년07월09일,1957.44,1707.74,1541.87
2024년07월10일,1958.21,1709.16,1543.44
2024년07월11일,1957.12,1710.10,1544.73
2024년07월12일,1958.01,1710.92,1546.05
2024년07월13일,1956.15,1711.48,1546.79
2024년07월14일,1956.50,1711.93,1547.09
2024년07월15일,1958.78,1713.04,1548.59
2024년07월16일,1959.23,1713.32,1548.83
2024년07월17일,1958.34,1713.46,1549.23
2024년07월18일,1958.19,1713.56,1549.44
2024년07월19일,1959.15,1713.91,1550.02
2024년07월20일,1955.19,1713.64,1549.81
2024년07월21일,1955.05,1713.63,1549.77
2024년07월22일,1958.10,1714.01,1550.54
2024년07월23일,1957.91,1713.90,1550.59
2024년07월24일,1957.41,1713.33,1550.22
2024년07월25일,1956.98,1712.92,1549.97
2024년07월26일,1956.66,1712.45,1549.59
2024년07월27일,1953.10,1711.89,1548.94
2024년07월28일,1953.02,1711.75,1548.81
2024년07월29일,1956.38,1711.52,1549.11
2024년07월30일,1956.42,1711.32,1548.59
2024년07월31일,1956.02,1710.71,1547.88
2024년08월01일,1954.57,1709.90,1547.06
2024년08월02일,1954.50,1709.80,1546.96
2024년08월03일,1950.87,1708.90,1546.08
2024년08월04일,1950.40,1708.66,1545.77
2024년08월05일,1953.27,1708.43,1545.59
2024년08월06일,1952.16,1707.01,1544.30
2024년08월07일,1951.17,1705.17,1542.62
2024년08월08일,1950.01,1703.51,1541.15
2024년08월09일,1948.94,1702.03,1539.69
2024년08월10일,1944.94,1700.22,1537.85
2024년08월11일,1944.79,1699.52,1537.06
2024년08월12일,1946.00,1698.17,1536.02
2024년08월13일,1944.76,1696.48,1534.35
2024년08월14일,1943.97,1695.28,1533.09
2024년08월15일,1943.15,1694.46,1532.19
2024년08월16일,1943.09,1693.88,1531.77
2024년08월17일,1939.98,1692.92,1530.64
2024년08월18일,1939.83,1692.56,1530.03
2024년08월19일,1941.86,1691.89,1529.64
2024년08월20일,1940.82,1689.69,1527.40
2024년08월21일,1939.19,1687.00,1524.55
2024년08월22일,1937.07,1683.62,1521.15
2024년08월23일,1934.45,1680.07,1517.69
2024년08월24일,1930.78,1677.52,1515.24
2024년08월25일,1930.21,1676.60,1514.07
2024년08월26일,1931.49,1674.86,1512.46
2024년08월27일,1929.71,1672.19,1510.15
2024년08월28일,1928.26,1670.50,1508.18
2024년08월29일,1926.61,1668.40,1506.02
2024년08월30일,1924.51,1666.35,1503.83
2024년08월31일,1920.42,1664.38,1501.85
2024년09월01일,1919.60,1663.28,1500.53
2024년09월02일,1921.14,1661.54,1498.88
2024년09월03일,1919.27,1659.18,1496.54
2024년09월04일,1916.61,1656.06,1493.27
2024년09월05일,1913.55,1652.29,1489.49
2024년09월06일,1910.85,1648.95,1486.26
2024년09월07일,1905.58,1645.75,1482.78
2024년09월08일,1904.37,1644.44,1481.37
2024년09월09일,1904.65,1641.48,1478.58
2024년09월10일,1901.31,1636.82,1473.95
2024년09월11일,1897.72,1631.27,1468.18
2024년09월12일,1894.59,1626.47,1463.45
2024년09월13일,1891.73,1622.46,1459.38
2024년09월14일,1887.45,1618.98,1455.65
2024년09월15일,1888.26,1617.72,1454.06
2024년09월16일,1887.85,1616.39,1452.92
2024년09월17일,1887.61,1615.30,1451.71
2024년09월18일,1887.00,1614.27,1450.25
2024년09월19일,1886.90,1611.76,1447.78
2024년09월20일,1883.96,1608.25,1444.03
2024년09월21일,1879.53,1606.02,1441.64
2024년09월22일,1878.55,1604.98,1440.22
2024년09월23일,1879.82,1602.88,1438.19
2024년09월24일,1876.52,1600.13,1435.06
2024년09월25일,1875.17,1597.91,1432.49
2024년09월26일,1873.58,1595.91,1429.96
2024년09월27일,1871.84,1593.90,1427.87
2024년09월28일,1866.43,1591.38,1425.01
2024년09월29일,1865.90,1590.60,1423.72
2024년09월30일,1865.98,1589.60,1423.10
2024년10월01일,1864.45,1587.24,1419.81
2024년10월02일,1864.91,1585.87,1418.28
2024년10월03일,1863.68,1584.75,1416.74
2024년10월04일,1863.01,1584.19,1416.23
2024년10월05일,1860.08,1583.90,1415.44
2024년10월06일,1859.90,1583.75,1415.12
2024년10월07일,1861.98,1584.15,1415.63
2024년10월08일,1862.50,1585.44,1416.55
2024년10월09일,1863.43,1586.52,1417.49
2024년10월10일,1863.65,1587.36,1418.08
2024년10월11일,1863.76,1588.27,1418.91
2024년10월12일,1860.85,1588.80,1419.49
2024년10월13일,1860.94,1589.69,1419.74
2024년10월14일,1864.68,1591.36,1421.39
2024년10월15일,1865.66,1592.27,1422.05
2024년10월16일,1865.49,1592.29,1422.16
2024년10월17일,1866.27,1592.35,1422.04
2024년10월18일,1866.16,1592.28,1421.97
2024년10월19일,1863.00,1591.96,1421.58
2024년10월20일,1862.82,1592.00,1421.48
2024년10월21일,1866.97,1592.82,1422.31
2024년10월22일,1866.82,1592.90,1422.06
2024년10월23일,1867.22,1593.43,1422.51
2024년10월24일,1866.14,1594.15,1423.19
2024년10월25일,1866.81,1595.75,1424.77
2024년10월26일,1865.95,1597.45,1426.19
2024년10월27일,1866.72,1598.18,1426.59
2024년10월28일,1869.93,1599.57,1428.15
2024년10월29일,1870.72,1600.38,1428.85
2024년10월30일,1871.73,1601.02,1429.67
2024년10월31일,1872.30,1601.58,1430.27
2024년11월01일,1877.66,1605.74,1434.33
2024년11월02일,1875.79,1607.55,1436.05
2024년11월03일,1876.02,1608.57,1436.75
2024년11월04일,1880.53,1610.41,1438.87
2024년11월05일,1880.89,1612.75,1441.11
2024년11월06일,1883.85,1615.96,1444.48
2024년11월07일,1884.81,1618.77,1447.57
2024년11월08일,1887.30,1621.59,1450.91
2024년11월09일,1885.58,1624.42,1454.17
2024년11월10일,1886.11,1625.43,1455.00
2024년11월11일,1890.00,1627.94,1457.93
2024년11월12일,1890.85,1629.52,1459.68
2024년11월13일,1891.63,1630.95,1461.83
2024년11월14일,1891.49,1631.71,1463.17
2024년11월15일,1891.93,1632.40,1464.58
2024년11월16일,1889.21,1632.44,1464.99
2024년11월17일,1889.04,1632.54,1465.01
2024년11월18일,1892.34,1633.54,1466.88
2024년11월19일,1892.76,1633.97,1467.64
2024년11월20일,1892.77,1634.50,1468.78
2024년11월21일,1892.42,1635.03,1470.07
2024년11월22일,1892.80,1635.78,1471.51
2024년11월23일,1889.76,1636.06,1472.42
2024년11월24일,1889.91,1636.51,1472.80
2024년11월25일,1893.60,1637.70,1474.66
2024년11월26일,1893.87,1638.57,1476.03
2024년11월27일,1894.14,1639.05,1477.29
2024년11월28일,1894.50,1639.50,1478.28
2024년11월29일,1895.54,1640.00,1479.13
2024년11월30일,1893.01,1640.07,1479.48
2024년12월01일,1893.21,1640.39,1479.82
2024년12월02일,1896.49,1641.41,1481.47
2024년12월03일,1896.76,1641.84,1482.06
2024년12월04일,1897.33,1642.55,1483.46
2024년12월05일,1897.46,1643.23,1484.70
2024년12월06일,1898.00,1644.11,1486.16
2024년12월07일,1896.38,1644.43,1486.59
2024년12월08일,1896.41,1644.51,1486.77
2024년12월09일,1898.65,1645.36,1488.08
2024년12월10일,1899.59,1646.21,1489.16
2024년12월11일,1899.65,1646.87,1490.24
2024년12월12일,1899.94,1647.92,1491.56
2024년12월13일,1900.21,1648.96,1492.81
2024년12월14일,1898.11,1649.50,1493.59
2024년12월15일,1898.47,1650.18,1494.04
2024년12월16일,1901.46,1651.81,1496.06
2024년12월17일,1902.29,1653.23,1497.60
2024년12월18일,1902.67,1654.68,1499.25
2024년12월19일,1903.26,1656.12,1500.66
2024년12월20일,1904.62,1657.79,1502.57
2024년12월21일,1902.21,1658.73,1503.33
2024년12월22일,1902.58,1659.43,1503.94
2024년12월23일,1905.93,1660.93,1505.93
2024년12월24일,1907.32,1662.50,1507.48
2024년12월25일,1907.82,1663.56,1508.73
2024년12월26일,1908.50,1664.74,1510.10
2024년12월27일,1909.80,1666.46,1511.86
2024년12월28일,1907.68,1667.32,1512.54
2024년12월29일,1908.40,1667.92,1513.19
2024년12월30일,1911.92,1669.37,1514.67
2024년12월31일,1913.47,1670.65,1516.02
